Comment,Designator,Footprint,LCSC
"Antenna","AE1","Emrick Footprints:emrick_custom_antenna",""
"0.1uF","C1,C2,C3,C5,C15,C24,C30,C32","Capacitor_SMD:C_0402_1005Metric",""
"15pF","C10","Capacitor_SMD:C_0402_1005Metric",""
"3.6pF","C11,C18","Capacitor_SMD:C_0402_1005Metric",""
"?","C12","Capacitor_SMD:C_0402_1005Metric",""
"?","L9,C13","Capacitor_SMD:C_0603_1608Metric",""
"4.7uF","C14,C31,C34","Capacitor_SMD:C_0402_1005Metric",""
"100pF","C16,C23","Capacitor_SMD:C_0402_1005Metric",""
"5.6pF","C17","Capacitor_SMD:C_0402_1005Metric",""
"2.7pF","C19","Capacitor_SMD:C_0402_1005Metric",""
"6.2pF","C20","Capacitor_SMD:C_0402_1005Metric",""
"3pF","C21","Capacitor_SMD:C_0402_1005Metric",""
"1uF","C22","Capacitor_SMD:C_0402_1005Metric",""
"10uF","C27,C28,C29","Capacitor_SMD:C_0603_1608Metric",""
"1 uF","C33","Capacitor_SMD:C_0402_1005Metric",""
"22uF","C4,C6,C25","Capacitor_SMD:C_0603_1608Metric",""
".1uF","C7,C8,C35,C36","Capacitor_SMD:C_0402_1005Metric",""
"12pF","C9","Capacitor_SMD:C_0402_1005Metric",""
"LED","D1,D2,D3","LED_SMD:LED_0402_1005Metric",""
"SP0503BAHT","D4","Package_TO_SOT_SMD:SOT-143",""
"BLM18HE152SN1","FB1","Resistor_SMD:R_0603_1608Metric",""
"LED_STRIP_CONNECTOR","J1","Connector_PinHeader_2.54mm:PinHeader_1x04_P2.54mm_Horizontal",""
"UFL","J2","Connector_Coaxial:U.FL_Hirose_U.FL-R-SMT-1_Vertical",""
"Conn_02x05_Odd_Even","J3","Connector_PinHeader_1.27mm:PinHeader_2x05_P1.27mm_Vertical",""
"BATT_CONN","J4","hirosedf65:DF65-3P-1.7V21",""
"6.8uH","L1","Inductor_SMD:L_TDK_NLV32_3.2x2.5mm",""
"7.5nH","L2,L7","Inductor_SMD:L_0402_1005Metric",""
"27nH","L3","Inductor_SMD:L_0402_1005Metric",""
"6.8nH","L4,L5","Inductor_SMD:L_0402_1005Metric",""
"3.3nH","L6","Inductor_SMD:L_0402_1005Metric",""
"1uH","L8","Inductor_SMD:L_Sunlord_MWSA0518_5.4x5.2mm",""
"USB_C_Plug_USB2.0","P1","Connector_USB:USB_C_Receptacle_XKB_U262-16XN-4BVC11",""
"Q_NMOS_GSD","Q1,Q2,Q3","Package_TO_SOT_SMD:SOT-23_Handsoldering",""
"1.5k","R1,R4,R5","Resistor_SMD:R_0402_1005Metric",""
"1.6M","R10","Resistor_SMD:R_0402_1005Metric",""
"1M","R11","Resistor_SMD:R_0402_1005Metric",""
"180k","R12","Resistor_SMD:R_0402_1005Metric",""
"2.2k","R13","Resistor_SMD:R_0402_1005Metric",""
"10k","R14,R15,R16","Resistor_SMD:R_0402_1005Metric",""
"22.1k","R17","Resistor_SMD:R_0402_1005Metric",""
"1.18k","R18","Resistor_SMD:R_0402_1005Metric",""
"1k","R19","Resistor_SMD:R_0402_1005Metric",""
"100k","R2","Resistor_SMD:R_0402_1005Metric",""
"47.5k","R20","Resistor_SMD:R_0402_1005Metric",""
"5.1k","R6","Resistor_SMD:R_0402_1005Metric",""
"3.01k","R7","Resistor_SMD:R_0603_1608Metric",""
"2.21k","R8","Resistor_SMD:R_0603_1608Metric",""
"8.87k","R9","Resistor_SMD:R_0603_1608Metric",""
"SW_SPST","SW1","switch:SW-TH_3P-P4.70_L11.1-W12.7",""
"SW_MEC_5E (RESET)","SW2","Button_Switch_SMD:SW_SPST_EVPBF",""
"74HCT541","U1","74hct541:SN74HCT541PW",""
"CC1310","U2","cc1310:CC1310F128RGZR",""
"TPS63020","U3","tps63020:TPS63020DSJR",""
"CP2102N","U4","cp2102n:CP2102N-A02-GQFN28",""
"MX25R8035F","U5","mx25r8:MX25R8035FZUIL0",""
"BQ24072","U6","bq24072:BQ24072TRGTR",""
"24MHz","Y1","Crystal:Crystal_SMD_3225-4Pin_3.2x2.5mm",""
"32.768kHz","Y2","Crystal:Crystal_SMD_3215-2Pin_3.2x1.5mm",""