Ref,Val,Package,PosX,PosY,Rot,Side
"J4","BATT_CONN","DF65-3P-1.7V21",-87.250000,-22.700000,180.000000,bottom
"L8","1uH","L_Sunlord_MWSA0518_5.4x5.2mm",-105.500000,-29.850000,180.000000,bottom
"Q1","Q_NMOS_GSD","SOT-23_Handsoldering",-96.300000,-31.350000,90.000000,bottom
"Q2","Q_NMOS_GSD","SOT-23_Handsoldering",-93.200000,-31.350000,90.000000,bottom
"Q3","Q_NMOS_GSD","SOT-23_Handsoldering",-99.400000,-31.650000,90.000000,bottom
"R7","3.01k","R_0603_1608Metric",-96.917500,-26.942500,-90.000000,bottom
"R8","2.21k","R_0603_1608Metric",-95.317500,-26.942500,-90.000000,bottom
"R9","8.87k","R_0603_1608Metric",-98.517500,-26.942500,-90.000000,bottom
