<?xml version="1.0" encoding="UTF-8"?>
<export version="E">
  <design>
    <source>C:\Users\eduxs\Documents\GitHub\Emrick\hardware\Emrick\Emrick.kicad_sch</source>
    <date>10/19/2022 23:41:50</date>
    <tool>Eeschema (6.0.7)</tool>
    <sheet number="1" name="/" tstamps="/">
      <title_block>
        <title>Project Emrick Light Strip</title>
        <company/>
        <rev>1</rev>
        <date>2022-10-10</date>
        <source>Emrick.kicad_sch</source>
        <comment number="1" value=""/>
        <comment number="2" value=""/>
        <comment number="3" value=""/>
        <comment number="4" value=""/>
        <comment number="5" value=""/>
        <comment number="6" value=""/>
        <comment number="7" value=""/>
        <comment number="8" value=""/>
        <comment number="9" value=""/>
      </title_block>
    </sheet>
  </design>
  <components>
    <comp ref="AE1">
      <value>Antenna</value>
      <footprint>Emrick Footprints:emrick_custom_antenna</footprint>
      <libsource lib="Device" part="Antenna" description="Antenna"/>
      <property name="Sheetname" value=""/>
      <property name="Sheetfile" value="Emrick.kicad_sch"/>
      <sheetpath names="/" tstamps="/"/>
      <tstamps>5829a0c0-c9ef-4e27-9276-7af505e15917</tstamps>
    </comp>
    <comp ref="C1">
      <value>0.1uF</value>
      <footprint>Capacitor_SMD:C_0402_1005Metric</footprint>
      <libsource lib="Device" part="C" description="Unpolarized capacitor"/>
      <property name="Sheetname" value=""/>
      <property name="Sheetfile" value="Emrick.kicad_sch"/>
      <sheetpath names="/" tstamps="/"/>
      <tstamps>91eb815c-8066-433b-962d-f57fe02933f8</tstamps>
    </comp>
    <comp ref="C2">
      <value>0.1uF</value>
      <footprint>Capacitor_SMD:C_0402_1005Metric</footprint>
      <libsource lib="Device" part="C" description="Unpolarized capacitor"/>
      <property name="Sheetname" value=""/>
      <property name="Sheetfile" value="Emrick.kicad_sch"/>
      <sheetpath names="/" tstamps="/"/>
      <tstamps>53380bea-ab7e-48d7-ba94-ad5483bb00fd</tstamps>
    </comp>
    <comp ref="C3">
      <value>0.1uF</value>
      <footprint>Capacitor_SMD:C_0402_1005Metric</footprint>
      <libsource lib="Device" part="C" description="Unpolarized capacitor"/>
      <property name="Sheetname" value=""/>
      <property name="Sheetfile" value="Emrick.kicad_sch"/>
      <sheetpath names="/" tstamps="/"/>
      <tstamps>5f710830-a6c9-4117-9987-b11091a15087</tstamps>
    </comp>
    <comp ref="C4">
      <value>22uF</value>
      <footprint>Capacitor_SMD:C_0603_1608Metric</footprint>
      <libsource lib="Device" part="C" description="Unpolarized capacitor"/>
      <property name="Sheetname" value=""/>
      <property name="Sheetfile" value="Emrick.kicad_sch"/>
      <sheetpath names="/" tstamps="/"/>
      <tstamps>c96311fe-a040-4951-83fb-e07fe752f75e</tstamps>
    </comp>
    <comp ref="C5">
      <value>0.1uF</value>
      <footprint>Capacitor_SMD:C_0402_1005Metric</footprint>
      <libsource lib="Device" part="C" description="Unpolarized capacitor"/>
      <property name="Sheetname" value=""/>
      <property name="Sheetfile" value="Emrick.kicad_sch"/>
      <sheetpath names="/" tstamps="/"/>
      <tstamps>103548a2-74b0-43ac-8e99-7e9d90a7d904</tstamps>
    </comp>
    <comp ref="C6">
      <value>22uF</value>
      <footprint>Capacitor_SMD:C_0603_1608Metric</footprint>
      <libsource lib="Device" part="C" description="Unpolarized capacitor"/>
      <property name="Sheetname" value=""/>
      <property name="Sheetfile" value="Emrick.kicad_sch"/>
      <sheetpath names="/" tstamps="/"/>
      <tstamps>2ece00c9-3f84-4134-bb4d-34ab9f517977</tstamps>
    </comp>
    <comp ref="C7">
      <value>.1uF</value>
      <footprint>Capacitor_SMD:C_0402_1005Metric</footprint>
      <libsource lib="Device" part="C" description="Unpolarized capacitor"/>
      <property name="Sheetname" value=""/>
      <property name="Sheetfile" value="Emrick.kicad_sch"/>
      <sheetpath names="/" tstamps="/"/>
      <tstamps>40437d45-9982-43eb-824c-56881525fe63</tstamps>
    </comp>
    <comp ref="C8">
      <value>.1uF</value>
      <footprint>Capacitor_SMD:C_0402_1005Metric</footprint>
      <libsource lib="Device" part="C" description="Unpolarized capacitor"/>
      <property name="Sheetname" value=""/>
      <property name="Sheetfile" value="Emrick.kicad_sch"/>
      <sheetpath names="/" tstamps="/"/>
      <tstamps>cd907520-42f0-4b51-9ed7-84f0063f4d30</tstamps>
    </comp>
    <comp ref="C9">
      <value>12pF</value>
      <footprint>Capacitor_SMD:C_0402_1005Metric</footprint>
      <libsource lib="Device" part="C" description="Unpolarized capacitor"/>
      <property name="Sheetname" value=""/>
      <property name="Sheetfile" value="Emrick.kicad_sch"/>
      <sheetpath names="/" tstamps="/"/>
      <tstamps>85d66d71-9d0a-43e3-afee-a2999a15ab26</tstamps>
    </comp>
    <comp ref="C10">
      <value>15pF</value>
      <footprint>Capacitor_SMD:C_0402_1005Metric</footprint>
      <libsource lib="Device" part="C" description="Unpolarized capacitor"/>
      <property name="Sheetname" value=""/>
      <property name="Sheetfile" value="Emrick.kicad_sch"/>
      <sheetpath names="/" tstamps="/"/>
      <tstamps>bcdc8e41-0c84-4f09-b2a5-0ee8942150ea</tstamps>
    </comp>
    <comp ref="C11">
      <value>3.6pF</value>
      <footprint>Capacitor_SMD:C_0402_1005Metric</footprint>
      <libsource lib="Device" part="C" description="Unpolarized capacitor"/>
      <property name="Sheetname" value=""/>
      <property name="Sheetfile" value="Emrick.kicad_sch"/>
      <sheetpath names="/" tstamps="/"/>
      <tstamps>91636968-a8f9-46b7-a08e-98da1bed46f3</tstamps>
    </comp>
    <comp ref="C12">
      <value>100pF</value>
      <footprint>Capacitor_SMD:C_0402_1005Metric</footprint>
      <libsource lib="Device" part="C" description="Unpolarized capacitor"/>
      <property name="Sheetname" value=""/>
      <property name="Sheetfile" value="Emrick.kicad_sch"/>
      <sheetpath names="/" tstamps="/"/>
      <tstamps>4f3938ec-ee10-4033-b043-17e527f7cafe</tstamps>
    </comp>
    <comp ref="C13">
      <value>0.1 uF</value>
      <footprint>Capacitor_SMD:C_0402_1005Metric</footprint>
      <libsource lib="Device" part="C" description="Unpolarized capacitor"/>
      <property name="Sheetname" value=""/>
      <property name="Sheetfile" value="Emrick.kicad_sch"/>
      <sheetpath names="/" tstamps="/"/>
      <tstamps>c9285600-15b1-4fd5-8d4f-29d0f513bff9</tstamps>
    </comp>
    <comp ref="C14">
      <value>4.7 uF</value>
      <footprint>Capacitor_SMD:C_0402_1005Metric</footprint>
      <libsource lib="Device" part="C" description="Unpolarized capacitor"/>
      <property name="Sheetname" value=""/>
      <property name="Sheetfile" value="Emrick.kicad_sch"/>
      <sheetpath names="/" tstamps="/"/>
      <tstamps>1ccac0b5-58c7-4957-869b-918ede371832</tstamps>
    </comp>
    <comp ref="C15">
      <value>0.1uF</value>
      <footprint>Capacitor_SMD:C_0402_1005Metric</footprint>
      <libsource lib="Device" part="C" description="Unpolarized capacitor"/>
      <property name="Sheetname" value=""/>
      <property name="Sheetfile" value="Emrick.kicad_sch"/>
      <sheetpath names="/" tstamps="/"/>
      <tstamps>131a06d2-a108-46d7-83da-eec9c5e5b8d7</tstamps>
    </comp>
    <comp ref="C16">
      <value>100pF</value>
      <footprint>Capacitor_SMD:C_0402_1005Metric</footprint>
      <libsource lib="Device" part="C" description="Unpolarized capacitor"/>
      <property name="Sheetname" value=""/>
      <property name="Sheetfile" value="Emrick.kicad_sch"/>
      <sheetpath names="/" tstamps="/"/>
      <tstamps>55798c15-5d22-4524-9fc7-bd45c419aada</tstamps>
    </comp>
    <comp ref="C17">
      <value>5.6pF</value>
      <footprint>Capacitor_SMD:C_0402_1005Metric</footprint>
      <libsource lib="Device" part="C" description="Unpolarized capacitor"/>
      <property name="Sheetname" value=""/>
      <property name="Sheetfile" value="Emrick.kicad_sch"/>
      <sheetpath names="/" tstamps="/"/>
      <tstamps>9aeb3266-7aa9-4cd6-b19d-afa6c8ee6974</tstamps>
    </comp>
    <comp ref="C18">
      <value>3.6pF</value>
      <footprint>Capacitor_SMD:C_0402_1005Metric</footprint>
      <libsource lib="Device" part="C" description="Unpolarized capacitor"/>
      <property name="Sheetname" value=""/>
      <property name="Sheetfile" value="Emrick.kicad_sch"/>
      <sheetpath names="/" tstamps="/"/>
      <tstamps>bfacb12b-5e41-471e-8efb-dd421ebc9f82</tstamps>
    </comp>
    <comp ref="C19">
      <value>3pF</value>
      <footprint>Capacitor_SMD:C_0402_1005Metric</footprint>
      <libsource lib="Device" part="C" description="Unpolarized capacitor"/>
      <property name="Sheetname" value=""/>
      <property name="Sheetfile" value="Emrick.kicad_sch"/>
      <sheetpath names="/" tstamps="/"/>
      <tstamps>c5fff20b-7794-40eb-9acf-4d7d084a4bf2</tstamps>
    </comp>
    <comp ref="C20">
      <value>6.2pF</value>
      <footprint>Capacitor_SMD:C_0402_1005Metric</footprint>
      <libsource lib="Device" part="C" description="Unpolarized capacitor"/>
      <property name="Sheetname" value=""/>
      <property name="Sheetfile" value="Emrick.kicad_sch"/>
      <sheetpath names="/" tstamps="/"/>
      <tstamps>ff7880d4-8417-45b4-82b4-b9e539f135ef</tstamps>
    </comp>
    <comp ref="C21">
      <value>3pF</value>
      <footprint>Capacitor_SMD:C_0402_1005Metric</footprint>
      <libsource lib="Device" part="C" description="Unpolarized capacitor"/>
      <property name="Sheetname" value=""/>
      <property name="Sheetfile" value="Emrick.kicad_sch"/>
      <sheetpath names="/" tstamps="/"/>
      <tstamps>8f0afd6b-3e5f-4666-9a87-bf85db51aa2c</tstamps>
    </comp>
    <comp ref="C22">
      <value>1uF</value>
      <footprint>Capacitor_SMD:C_0402_1005Metric</footprint>
      <libsource lib="Device" part="C" description="Unpolarized capacitor"/>
      <property name="Sheetname" value=""/>
      <property name="Sheetfile" value="Emrick.kicad_sch"/>
      <sheetpath names="/" tstamps="/"/>
      <tstamps>f1b4f736-e9e9-4de2-84d1-32a049f04500</tstamps>
    </comp>
    <comp ref="C23">
      <value>0.1uF</value>
      <footprint>Capacitor_SMD:C_0402_1005Metric</footprint>
      <libsource lib="Device" part="C" description="Unpolarized capacitor"/>
      <property name="Sheetname" value=""/>
      <property name="Sheetfile" value="Emrick.kicad_sch"/>
      <sheetpath names="/" tstamps="/"/>
      <tstamps>023bda47-8ab4-4380-85cb-d9a9da403d36</tstamps>
    </comp>
    <comp ref="C24">
      <value>0.1uF</value>
      <footprint>Capacitor_SMD:C_0402_1005Metric</footprint>
      <libsource lib="Device" part="C" description="Unpolarized capacitor"/>
      <property name="Sheetname" value=""/>
      <property name="Sheetfile" value="Emrick.kicad_sch"/>
      <sheetpath names="/" tstamps="/"/>
      <tstamps>26953e78-1915-4e0a-bec1-45be4e74c846</tstamps>
    </comp>
    <comp ref="C25">
      <value>10uF</value>
      <footprint>Capacitor_SMD:C_0402_1005Metric</footprint>
      <libsource lib="Device" part="C" description="Unpolarized capacitor"/>
      <property name="Sheetname" value=""/>
      <property name="Sheetfile" value="Emrick.kicad_sch"/>
      <sheetpath names="/" tstamps="/"/>
      <tstamps>4bc490c1-7683-452a-b6a5-9c11f3d97e0a</tstamps>
    </comp>
    <comp ref="C26">
      <value>10uF</value>
      <footprint>Capacitor_SMD:C_0402_1005Metric</footprint>
      <libsource lib="Device" part="C" description="Unpolarized capacitor"/>
      <property name="Sheetname" value=""/>
      <property name="Sheetfile" value="Emrick.kicad_sch"/>
      <sheetpath names="/" tstamps="/"/>
      <tstamps>6e8ab1e4-b3f0-4721-8f2c-85e8d9f16d4e</tstamps>
    </comp>
    <comp ref="C27">
      <value>22uF</value>
      <footprint>Capacitor_SMD:C_0603_1608Metric</footprint>
      <libsource lib="Device" part="C" description="Unpolarized capacitor"/>
      <property name="Sheetname" value=""/>
      <property name="Sheetfile" value="Emrick.kicad_sch"/>
      <sheetpath names="/" tstamps="/"/>
      <tstamps>bb636c28-c1cb-492a-b114-66c3929cc704</tstamps>
    </comp>
    <comp ref="C28">
      <value>22uF</value>
      <footprint>Capacitor_SMD:C_0603_1608Metric</footprint>
      <libsource lib="Device" part="C" description="Unpolarized capacitor"/>
      <property name="Sheetname" value=""/>
      <property name="Sheetfile" value="Emrick.kicad_sch"/>
      <sheetpath names="/" tstamps="/"/>
      <tstamps>991fbe88-0f4c-4fd4-afca-6fe0aa23b295</tstamps>
    </comp>
    <comp ref="C29">
      <value>2uF</value>
      <footprint>Capacitor_SMD:C_0402_1005Metric</footprint>
      <libsource lib="Device" part="C" description="Unpolarized capacitor"/>
      <property name="Sheetname" value=""/>
      <property name="Sheetfile" value="Emrick.kicad_sch"/>
      <sheetpath names="/" tstamps="/"/>
      <tstamps>80b7865e-df93-429c-94a4-4f595f2b7920</tstamps>
    </comp>
    <comp ref="C30">
      <value>0.1uF</value>
      <footprint>Capacitor_SMD:C_0402_1005Metric</footprint>
      <libsource lib="Device" part="C" description="Unpolarized capacitor"/>
      <property name="Sheetname" value=""/>
      <property name="Sheetfile" value="Emrick.kicad_sch"/>
      <sheetpath names="/" tstamps="/"/>
      <tstamps>0c17f3c6-00d6-4552-8d5c-ffe417b95235</tstamps>
    </comp>
    <comp ref="C31">
      <value>4.7uF</value>
      <footprint>Capacitor_SMD:C_0402_1005Metric</footprint>
      <libsource lib="Device" part="C" description="Unpolarized capacitor"/>
      <property name="Sheetname" value=""/>
      <property name="Sheetfile" value="Emrick.kicad_sch"/>
      <sheetpath names="/" tstamps="/"/>
      <tstamps>a595ad02-f737-4979-9989-00800ceb1f45</tstamps>
    </comp>
    <comp ref="C32">
      <value>0.1uF</value>
      <footprint>Capacitor_SMD:C_0402_1005Metric</footprint>
      <libsource lib="Device" part="C" description="Unpolarized capacitor"/>
      <property name="Sheetname" value=""/>
      <property name="Sheetfile" value="Emrick.kicad_sch"/>
      <sheetpath names="/" tstamps="/"/>
      <tstamps>367180d3-f7f0-4f26-9b2a-b329304848af</tstamps>
    </comp>
    <comp ref="C33">
      <value>1 uF</value>
      <footprint>Capacitor_SMD:C_0402_1005Metric</footprint>
      <libsource lib="Device" part="C" description="Unpolarized capacitor"/>
      <property name="Sheetname" value=""/>
      <property name="Sheetfile" value="Emrick.kicad_sch"/>
      <sheetpath names="/" tstamps="/"/>
      <tstamps>f1e2128f-1b23-47d4-863c-bf718152753a</tstamps>
    </comp>
    <comp ref="C34">
      <value>4.7uF</value>
      <footprint>Capacitor_SMD:C_0402_1005Metric</footprint>
      <libsource lib="Device" part="C" description="Unpolarized capacitor"/>
      <property name="Sheetname" value=""/>
      <property name="Sheetfile" value="Emrick.kicad_sch"/>
      <sheetpath names="/" tstamps="/"/>
      <tstamps>b76a8d9a-9070-44f8-b2d0-b47e84a51ebc</tstamps>
    </comp>
    <comp ref="D1">
      <value>LED</value>
      <footprint>LED_SMD:LED_0402_1005Metric</footprint>
      <libsource lib="Device" part="LED" description="Light emitting diode"/>
      <property name="Sheetname" value=""/>
      <property name="Sheetfile" value="Emrick.kicad_sch"/>
      <sheetpath names="/" tstamps="/"/>
      <tstamps>cd3a5ef3-e128-4902-a81d-6d604a40f2e6</tstamps>
    </comp>
    <comp ref="D2">
      <value>LED</value>
      <footprint>LED_SMD:LED_0402_1005Metric</footprint>
      <libsource lib="Device" part="LED" description="Light emitting diode"/>
      <property name="Sheetname" value=""/>
      <property name="Sheetfile" value="Emrick.kicad_sch"/>
      <sheetpath names="/" tstamps="/"/>
      <tstamps>e1942e46-4a23-4eb7-8ef5-de6b39d07b1b</tstamps>
    </comp>
    <comp ref="D3">
      <value>LED</value>
      <footprint>LED_SMD:LED_0402_1005Metric</footprint>
      <libsource lib="Device" part="LED" description="Light emitting diode"/>
      <property name="Sheetname" value=""/>
      <property name="Sheetfile" value="Emrick.kicad_sch"/>
      <sheetpath names="/" tstamps="/"/>
      <tstamps>7990635b-0b38-44df-91be-0dddf8191117</tstamps>
    </comp>
    <comp ref="D4">
      <value>SP0503BAHT</value>
      <footprint>Package_TO_SOT_SMD:SOT-143</footprint>
      <datasheet>http://www.littelfuse.com/~/media/files/littelfuse/technical%20resources/documents/data%20sheets/sp05xxba.pdf</datasheet>
      <libsource lib="Power_Protection" part="SP0503BAHT" description="TVS Diode Array, 5.5V Standoff, 3 Channels, SOT-143 package"/>
      <property name="Sheetname" value=""/>
      <property name="Sheetfile" value="Emrick.kicad_sch"/>
      <sheetpath names="/" tstamps="/"/>
      <tstamps>6dcc67a4-2da1-4151-97bf-6ace50d395a2</tstamps>
    </comp>
    <comp ref="FB1">
      <value>BLM18HE152SN1</value>
      <footprint>Resistor_SMD:R_0603_1608Metric</footprint>
      <libsource lib="Device" part="FerriteBead" description="Ferrite bead"/>
      <property name="Sheetname" value=""/>
      <property name="Sheetfile" value="Emrick.kicad_sch"/>
      <sheetpath names="/" tstamps="/"/>
      <tstamps>16c855f6-00a3-497a-996c-9f440ee92ef3</tstamps>
    </comp>
    <comp ref="J1">
      <value>LED_STRIP_CONNECTOR</value>
      <footprint>Connector_PinHeader_2.54mm:PinHeader_1x04_P2.54mm_Horizontal</footprint>
      <libsource lib="Connector_Generic" part="Conn_01x04" description="Generic connector, single row, 01x04, script generated (kicad-library-utils/schlib/autogen/connector/)"/>
      <property name="Sheetname" value=""/>
      <property name="Sheetfile" value="Emrick.kicad_sch"/>
      <sheetpath names="/" tstamps="/"/>
      <tstamps>f381d794-6e38-407d-b09e-d87efe24ed28</tstamps>
    </comp>
    <comp ref="J2">
      <value>UFL</value>
      <footprint>Connector_Coaxial:U.FL_Hirose_U.FL-R-SMT-1_Vertical</footprint>
      <libsource lib="Connector" part="Conn_01x01_Female" description="Generic connector, single row, 01x01, script generated (kicad-library-utils/schlib/autogen/connector/)"/>
      <property name="Sheetname" value=""/>
      <property name="Sheetfile" value="Emrick.kicad_sch"/>
      <sheetpath names="/" tstamps="/"/>
      <tstamps>b821bacf-fb8e-4c80-8b97-1bd347d77450</tstamps>
    </comp>
    <comp ref="J3">
      <value>Conn_02x05_Odd_Even</value>
      <footprint>Connector_PinHeader_1.27mm:PinHeader_2x05_P1.27mm_Vertical</footprint>
      <libsource lib="Connector_Generic" part="Conn_02x05_Odd_Even" description="Generic connector, double row, 02x05, odd/even pin numbering scheme (row 1 odd numbers, row 2 even numbers), script generated (kicad-library-utils/schlib/autogen/connector/)"/>
      <property name="Sheetname" value=""/>
      <property name="Sheetfile" value="Emrick.kicad_sch"/>
      <sheetpath names="/" tstamps="/"/>
      <tstamps>8d7edbc5-75f7-4656-b03e-8c84d8c4e67c</tstamps>
    </comp>
    <comp ref="J4">
      <value>BATT_CONN</value>
      <footprint>hirosedf65:DF65-3P-1.7V21</footprint>
      <libsource lib="Connector_Generic" part="Conn_01x03" description="Generic connector, single row, 01x03, script generated (kicad-library-utils/schlib/autogen/connector/)"/>
      <property name="Sheetname" value=""/>
      <property name="Sheetfile" value="Emrick.kicad_sch"/>
      <sheetpath names="/" tstamps="/"/>
      <tstamps>35b4adca-92c1-4995-97cc-051a1342bd0f</tstamps>
    </comp>
    <comp ref="L1">
      <value>6.8uH</value>
      <footprint>Inductor_SMD:L_TDK_NLV32_3.2x2.5mm</footprint>
      <libsource lib="Device" part="L" description="Inductor"/>
      <property name="Sheetname" value=""/>
      <property name="Sheetfile" value="Emrick.kicad_sch"/>
      <sheetpath names="/" tstamps="/"/>
      <tstamps>0c9c6cef-f6ce-4430-9913-1b96bca32dfd</tstamps>
    </comp>
    <comp ref="L2">
      <value>7.5nH</value>
      <footprint>Inductor_SMD:L_0402_1005Metric</footprint>
      <libsource lib="Device" part="L" description="Inductor"/>
      <property name="Sheetname" value=""/>
      <property name="Sheetfile" value="Emrick.kicad_sch"/>
      <sheetpath names="/" tstamps="/"/>
      <tstamps>062cf6d0-984a-4a7b-b84f-52091019e8d9</tstamps>
    </comp>
    <comp ref="L3">
      <value>27nH</value>
      <footprint>Inductor_SMD:L_0402_1005Metric</footprint>
      <libsource lib="Device" part="L" description="Inductor"/>
      <property name="Sheetname" value=""/>
      <property name="Sheetfile" value="Emrick.kicad_sch"/>
      <sheetpath names="/" tstamps="/"/>
      <tstamps>de1aeabd-b343-4138-8d74-7c7a871e8d81</tstamps>
    </comp>
    <comp ref="L4">
      <value>6.8nH</value>
      <footprint>Inductor_SMD:L_0402_1005Metric</footprint>
      <libsource lib="Device" part="L" description="Inductor"/>
      <property name="Sheetname" value=""/>
      <property name="Sheetfile" value="Emrick.kicad_sch"/>
      <sheetpath names="/" tstamps="/"/>
      <tstamps>7ec1e8a9-e484-430f-ae23-6b7bef3217e2</tstamps>
    </comp>
    <comp ref="L5">
      <value>6.8nH</value>
      <footprint>Inductor_SMD:L_0402_1005Metric</footprint>
      <libsource lib="Device" part="L" description="Inductor"/>
      <property name="Sheetname" value=""/>
      <property name="Sheetfile" value="Emrick.kicad_sch"/>
      <sheetpath names="/" tstamps="/"/>
      <tstamps>da27183b-0dca-4f5d-9b41-d071f99d065c</tstamps>
    </comp>
    <comp ref="L6">
      <value>3.3nH</value>
      <footprint>Inductor_SMD:L_0402_1005Metric</footprint>
      <libsource lib="Device" part="L" description="Inductor"/>
      <property name="Sheetname" value=""/>
      <property name="Sheetfile" value="Emrick.kicad_sch"/>
      <sheetpath names="/" tstamps="/"/>
      <tstamps>e01eb935-0a67-422e-8c2a-a7e2d95254bd</tstamps>
    </comp>
    <comp ref="L7">
      <value>7.5nH</value>
      <footprint>Inductor_SMD:L_0402_1005Metric</footprint>
      <libsource lib="Device" part="L" description="Inductor"/>
      <property name="Sheetname" value=""/>
      <property name="Sheetfile" value="Emrick.kicad_sch"/>
      <sheetpath names="/" tstamps="/"/>
      <tstamps>2fcdcedb-c77f-4f34-95f3-8be1a9b85a5e</tstamps>
    </comp>
    <comp ref="L8">
      <value>1.5uH</value>
      <footprint>Inductor_SMD:L_Sunlord_MWSA0518_5.4x5.2mm</footprint>
      <libsource lib="Device" part="L" description="Inductor"/>
      <property name="Sheetname" value=""/>
      <property name="Sheetfile" value="Emrick.kicad_sch"/>
      <sheetpath names="/" tstamps="/"/>
      <tstamps>31746688-5aac-4a84-b28c-7b597062dcdb</tstamps>
    </comp>
    <comp ref="P1">
      <value>USB_C_Plug_USB2.0</value>
      <footprint>Connector_USB:USB_C_Receptacle_XKB_U262-16XN-4BVC11</footprint>
      <datasheet>https://www.usb.org/sites/default/files/documents/usb_type-c.zip</datasheet>
      <fields>
        <field name="LCSC">C2927038</field>
      </fields>
      <libsource lib="Connector" part="USB_C_Plug_USB2.0" description="USB 2.0-only Type-C Plug connector"/>
      <property name="LCSC" value="C2927038"/>
      <property name="Sheetname" value=""/>
      <property name="Sheetfile" value="Emrick.kicad_sch"/>
      <sheetpath names="/" tstamps="/"/>
      <tstamps>98b2397c-2d8e-4422-bb18-42d4b4daae2e</tstamps>
    </comp>
    <comp ref="Q1">
      <value>Q_NPN_DGS</value>
      <footprint>Emrick Footprints:DTC143ZMT2L</footprint>
      <datasheet>http://www.infineon.com/dgdl/bcx51_bcx52_bcx53.pdf</datasheet>
      <libsource lib="Transistor_BJT" part="BCX53" description="1A Ic, 80V Vce, PNP Medium Power Transistor, SOT-89"/>
      <property name="Sheetname" value=""/>
      <property name="Sheetfile" value="Emrick.kicad_sch"/>
      <sheetpath names="/" tstamps="/"/>
      <tstamps>8a51179e-3f4b-4560-9f9f-c143dbbd32d5</tstamps>
    </comp>
    <comp ref="Q2">
      <value>Q_NPN_DGS</value>
      <footprint>Emrick Footprints:DTC143ZMT2L</footprint>
      <datasheet>http://www.infineon.com/dgdl/bcx51_bcx52_bcx53.pdf</datasheet>
      <libsource lib="Transistor_BJT" part="BCX53" description="1A Ic, 80V Vce, PNP Medium Power Transistor, SOT-89"/>
      <property name="Sheetname" value=""/>
      <property name="Sheetfile" value="Emrick.kicad_sch"/>
      <sheetpath names="/" tstamps="/"/>
      <tstamps>3f354562-84d2-4d2d-b7b8-33bcb0f8b390</tstamps>
    </comp>
    <comp ref="Q3">
      <value>Q_NPN_DGS</value>
      <footprint>Emrick Footprints:DTC143ZMT2L</footprint>
      <datasheet>http://www.infineon.com/dgdl/bcx51_bcx52_bcx53.pdf</datasheet>
      <libsource lib="Transistor_BJT" part="BCX53" description="1A Ic, 80V Vce, PNP Medium Power Transistor, SOT-89"/>
      <property name="Sheetname" value=""/>
      <property name="Sheetfile" value="Emrick.kicad_sch"/>
      <sheetpath names="/" tstamps="/"/>
      <tstamps>51c32086-be37-4cb7-a199-3ec611c100ac</tstamps>
    </comp>
    <comp ref="R1">
      <value>1.5k</value>
      <footprint>Resistor_SMD:R_0402_1005Metric</footprint>
      <libsource lib="Device" part="R" description="Resistor"/>
      <property name="Sheetname" value=""/>
      <property name="Sheetfile" value="Emrick.kicad_sch"/>
      <sheetpath names="/" tstamps="/"/>
      <tstamps>7c976042-82e8-4bec-9beb-b8a292d80d1c</tstamps>
    </comp>
    <comp ref="R2">
      <value>100k</value>
      <footprint>Resistor_SMD:R_0402_1005Metric</footprint>
      <libsource lib="Device" part="R" description="Resistor"/>
      <property name="Sheetname" value=""/>
      <property name="Sheetfile" value="Emrick.kicad_sch"/>
      <sheetpath names="/" tstamps="/"/>
      <tstamps>9b90c5b5-2672-4880-a7f4-6b2221367a9c</tstamps>
    </comp>
    <comp ref="R3">
      <value>0</value>
      <footprint>Resistor_SMD:R_0402_1005Metric</footprint>
      <libsource lib="Device" part="R" description="Resistor"/>
      <property name="Sheetname" value=""/>
      <property name="Sheetfile" value="Emrick.kicad_sch"/>
      <sheetpath names="/" tstamps="/"/>
      <tstamps>a9c02439-f74f-423b-a5dd-c5150ea622e7</tstamps>
    </comp>
    <comp ref="R4">
      <value>1.5k</value>
      <footprint>Resistor_SMD:R_0402_1005Metric</footprint>
      <libsource lib="Device" part="R" description="Resistor"/>
      <property name="Sheetname" value=""/>
      <property name="Sheetfile" value="Emrick.kicad_sch"/>
      <sheetpath names="/" tstamps="/"/>
      <tstamps>f2122973-64ea-4462-8ba9-e5f80feccb14</tstamps>
    </comp>
    <comp ref="R5">
      <value>1.5k</value>
      <footprint>Resistor_SMD:R_0402_1005Metric</footprint>
      <libsource lib="Device" part="R" description="Resistor"/>
      <property name="Sheetname" value=""/>
      <property name="Sheetfile" value="Emrick.kicad_sch"/>
      <sheetpath names="/" tstamps="/"/>
      <tstamps>059a2ca7-0674-44f2-88f2-3b5d4c748b0f</tstamps>
    </comp>
    <comp ref="R6">
      <value>5.1k</value>
      <footprint>Resistor_SMD:R_0402_1005Metric</footprint>
      <libsource lib="Device" part="R" description="Resistor"/>
      <property name="Sheetname" value=""/>
      <property name="Sheetfile" value="Emrick.kicad_sch"/>
      <sheetpath names="/" tstamps="/"/>
      <tstamps>0be6c643-377c-4bee-b7d6-86edd0009022</tstamps>
    </comp>
    <comp ref="R7">
      <value>3.01k</value>
      <footprint>Resistor_SMD:R_0603_1608Metric</footprint>
      <libsource lib="Device" part="R" description="Resistor"/>
      <property name="Sheetname" value=""/>
      <property name="Sheetfile" value="Emrick.kicad_sch"/>
      <sheetpath names="/" tstamps="/"/>
      <tstamps>3feb5eb0-2b97-4090-b7ad-a6321ca95827</tstamps>
    </comp>
    <comp ref="R8">
      <value>2.21k</value>
      <footprint>Resistor_SMD:R_0603_1608Metric</footprint>
      <libsource lib="Device" part="R" description="Resistor"/>
      <property name="Sheetname" value=""/>
      <property name="Sheetfile" value="Emrick.kicad_sch"/>
      <sheetpath names="/" tstamps="/"/>
      <tstamps>52f088b0-734a-43f5-9821-089498127f3e</tstamps>
    </comp>
    <comp ref="R9">
      <value>8.87k</value>
      <footprint>Resistor_SMD:R_0603_1608Metric</footprint>
      <libsource lib="Device" part="R" description="Resistor"/>
      <property name="Sheetname" value=""/>
      <property name="Sheetfile" value="Emrick.kicad_sch"/>
      <sheetpath names="/" tstamps="/"/>
      <tstamps>23820435-782a-4867-bf45-31e37aededfa</tstamps>
    </comp>
    <comp ref="R10">
      <value>1.6M</value>
      <footprint>Resistor_SMD:R_0402_1005Metric</footprint>
      <libsource lib="Device" part="R" description="Resistor"/>
      <property name="Sheetname" value=""/>
      <property name="Sheetfile" value="Emrick.kicad_sch"/>
      <sheetpath names="/" tstamps="/"/>
      <tstamps>710a6929-f9e2-43e0-9091-4b68324c884c</tstamps>
    </comp>
    <comp ref="R11">
      <value>1M</value>
      <footprint>Resistor_SMD:R_0402_1005Metric</footprint>
      <libsource lib="Device" part="R" description="Resistor"/>
      <property name="Sheetname" value=""/>
      <property name="Sheetfile" value="Emrick.kicad_sch"/>
      <sheetpath names="/" tstamps="/"/>
      <tstamps>4e285c39-daf8-4bad-96a9-7c925c032441</tstamps>
    </comp>
    <comp ref="R12">
      <value>180k</value>
      <footprint>Resistor_SMD:R_0402_1005Metric</footprint>
      <libsource lib="Device" part="R" description="Resistor"/>
      <property name="Sheetname" value=""/>
      <property name="Sheetfile" value="Emrick.kicad_sch"/>
      <sheetpath names="/" tstamps="/"/>
      <tstamps>3e09ceee-1ca6-4a74-bd75-5b4336f80591</tstamps>
    </comp>
    <comp ref="R13">
      <value>2.2k</value>
      <footprint>Resistor_SMD:R_0402_1005Metric</footprint>
      <libsource lib="Device" part="R" description="Resistor"/>
      <property name="Sheetname" value=""/>
      <property name="Sheetfile" value="Emrick.kicad_sch"/>
      <sheetpath names="/" tstamps="/"/>
      <tstamps>34be874c-fdae-446d-a121-d723abccd397</tstamps>
    </comp>
    <comp ref="R14">
      <value>10k</value>
      <footprint>Resistor_SMD:R_0402_1005Metric</footprint>
      <libsource lib="Device" part="R" description="Resistor"/>
      <property name="Sheetname" value=""/>
      <property name="Sheetfile" value="Emrick.kicad_sch"/>
      <sheetpath names="/" tstamps="/"/>
      <tstamps>aa37fea4-eaf6-467f-9083-9728a4d6de97</tstamps>
    </comp>
    <comp ref="R15">
      <value>10k</value>
      <footprint>Resistor_SMD:R_0402_1005Metric</footprint>
      <libsource lib="Device" part="R" description="Resistor"/>
      <property name="Sheetname" value=""/>
      <property name="Sheetfile" value="Emrick.kicad_sch"/>
      <sheetpath names="/" tstamps="/"/>
      <tstamps>ebde0c26-d93b-4717-9681-7bc57e23172a</tstamps>
    </comp>
    <comp ref="R16">
      <value>10k</value>
      <footprint>Resistor_SMD:R_0402_1005Metric</footprint>
      <libsource lib="Device" part="R" description="Resistor"/>
      <property name="Sheetname" value=""/>
      <property name="Sheetfile" value="Emrick.kicad_sch"/>
      <sheetpath names="/" tstamps="/"/>
      <tstamps>623c05ee-ac3e-4c77-9fc4-dce3f298de37</tstamps>
    </comp>
    <comp ref="R17">
      <value>22.1k</value>
      <footprint>Resistor_SMD:R_0402_1005Metric</footprint>
      <libsource lib="Device" part="R" description="Resistor"/>
      <property name="Sheetname" value=""/>
      <property name="Sheetfile" value="Emrick.kicad_sch"/>
      <sheetpath names="/" tstamps="/"/>
      <tstamps>026a5bf4-7022-40fc-9037-ca3bb38d7f11</tstamps>
    </comp>
    <comp ref="R18">
      <value>1.18k</value>
      <footprint>Resistor_SMD:R_0402_1005Metric</footprint>
      <libsource lib="Device" part="R" description="Resistor"/>
      <property name="Sheetname" value=""/>
      <property name="Sheetfile" value="Emrick.kicad_sch"/>
      <sheetpath names="/" tstamps="/"/>
      <tstamps>511e1ba1-53b7-418d-863c-ab2ff0d643fd</tstamps>
    </comp>
    <comp ref="R19">
      <value>1k</value>
      <footprint>Resistor_SMD:R_0402_1005Metric</footprint>
      <libsource lib="Device" part="R" description="Resistor"/>
      <property name="Sheetname" value=""/>
      <property name="Sheetfile" value="Emrick.kicad_sch"/>
      <sheetpath names="/" tstamps="/"/>
      <tstamps>c1f10668-d654-4bf0-a50d-7ce32bebac19</tstamps>
    </comp>
    <comp ref="R20">
      <value>47.5k</value>
      <footprint>Resistor_SMD:R_0402_1005Metric</footprint>
      <libsource lib="Device" part="R" description="Resistor"/>
      <property name="Sheetname" value=""/>
      <property name="Sheetfile" value="Emrick.kicad_sch"/>
      <sheetpath names="/" tstamps="/"/>
      <tstamps>309793e6-1f2f-445a-84c6-700e9103e586</tstamps>
    </comp>
    <comp ref="R21">
      <value>0</value>
      <footprint>Resistor_SMD:R_0402_1005Metric</footprint>
      <libsource lib="Device" part="R" description="Resistor"/>
      <property name="Sheetname" value=""/>
      <property name="Sheetfile" value="Emrick.kicad_sch"/>
      <sheetpath names="/" tstamps="/"/>
      <tstamps>a74acfa7-b00f-4544-9fae-7950dba76e0c</tstamps>
    </comp>
    <comp ref="SW1">
      <value>SW_SPST</value>
      <footprint>Connector_PinHeader_2.54mm:PinHeader_1x03_P2.54mm_Vertical</footprint>
      <libsource lib="Switch" part="SW_SPST" description="Single Pole Single Throw (SPST) switch"/>
      <property name="Sheetname" value=""/>
      <property name="Sheetfile" value="Emrick.kicad_sch"/>
      <sheetpath names="/" tstamps="/"/>
      <tstamps>296a890d-93e3-479a-910f-fa1bd31332ae</tstamps>
    </comp>
    <comp ref="SW2">
      <value>SW_MEC_5E (RESET)</value>
      <footprint>Button_Switch_SMD:SW_SPST_EVPBF</footprint>
      <datasheet>http://www.apem.com/int/index.php?controller=attachment&amp;id_attachment=1371</datasheet>
      <libsource lib="Switch" part="SW_MEC_5E" description="MEC 5E single pole normally-open tactile switch"/>
      <property name="Sheetname" value=""/>
      <property name="Sheetfile" value="Emrick.kicad_sch"/>
      <sheetpath names="/" tstamps="/"/>
      <tstamps>b30242dc-8228-402b-8e4f-fd03a02393d4</tstamps>
    </comp>
    <comp ref="U1">
      <value>74HCT541</value>
      <footprint>74hct541:SN74HCT541PW</footprint>
      <datasheet>http://www.ti.com/lit/gpn/sn74HCT541</datasheet>
      <fields>
        <field name="LCSC">C436096</field>
      </fields>
      <libsource lib="74xx" part="74HCT541" description="8-bit Buffer/Line Driver 3-state outputs"/>
      <property name="LCSC" value="C436096"/>
      <property name="Sheetname" value=""/>
      <property name="Sheetfile" value="Emrick.kicad_sch"/>
      <sheetpath names="/" tstamps="/"/>
      <tstamps>2c815d01-f19d-4207-bc48-49e0f4d936d8</tstamps>
    </comp>
    <comp ref="U2">
      <value>CC1310</value>
      <footprint>cc1310:CC1310F128RGZR</footprint>
      <fields>
        <field name="LCSC">C84353</field>
      </fields>
      <libsource lib="cc1310" part="CC1310F128RGZR" description=""/>
      <property name="LCSC" value="C84353"/>
      <property name="Sheetname" value=""/>
      <property name="Sheetfile" value="Emrick.kicad_sch"/>
      <sheetpath names="/" tstamps="/"/>
      <tstamps>3a44c8a5-e9b4-49d9-bf0d-940b38f2af71</tstamps>
    </comp>
    <comp ref="U3">
      <value>TPS63020</value>
      <footprint>tps63020:TPS63020DSJR</footprint>
      <fields>
        <field name="LCSC">C15483</field>
      </fields>
      <libsource lib="TPS63020" part="TPS63020DSJR" description=""/>
      <property name="LCSC" value="C15483"/>
      <property name="Sheetname" value=""/>
      <property name="Sheetfile" value="Emrick.kicad_sch"/>
      <sheetpath names="/" tstamps="/"/>
      <tstamps>92ffea34-22ce-4a77-9c18-38c78a4d144e</tstamps>
    </comp>
    <comp ref="U4">
      <value>CP2102N</value>
      <footprint>cp2102n:CP2102N-A02-GQFN28</footprint>
      <fields>
        <field name="LCSC">C964632</field>
      </fields>
      <libsource lib="2022-09-29_03-42-52" part="CP2102N-A02-GQFN28" description=""/>
      <property name="LCSC" value="C964632"/>
      <property name="Sheetname" value=""/>
      <property name="Sheetfile" value="Emrick.kicad_sch"/>
      <sheetpath names="/" tstamps="/"/>
      <tstamps>29acdc32-76de-487a-8d4d-c7c535cb04b0</tstamps>
    </comp>
    <comp ref="U5">
      <value>MX25R8035F</value>
      <footprint>mx25r8:MX25R8035FZUIL0</footprint>
      <fields>
        <field name="LCSC">C152596</field>
      </fields>
      <libsource lib="MX25R8035FZUIL0" part="MX25R8035FZUIL0" description=""/>
      <property name="LCSC" value="C152596"/>
      <property name="Sheetname" value=""/>
      <property name="Sheetfile" value="Emrick.kicad_sch"/>
      <sheetpath names="/" tstamps="/"/>
      <tstamps>a418d5fa-3dcf-46a7-99e7-8db02cf0bdd9</tstamps>
    </comp>
    <comp ref="U6">
      <value>BQ24072</value>
      <footprint>bq24072:BQ24072TRGTR</footprint>
      <fields>
        <field name="LCSC">C140288</field>
      </fields>
      <libsource lib="2022-09-27_01-15-34" part="BQ24072RGTR" description=""/>
      <property name="LCSC" value="C140288"/>
      <property name="Sheetname" value=""/>
      <property name="Sheetfile" value="Emrick.kicad_sch"/>
      <sheetpath names="/" tstamps="/"/>
      <tstamps>355415b4-2534-4c0c-8beb-7c7a6fe5592b</tstamps>
    </comp>
    <comp ref="Y1">
      <value>24MHz</value>
      <footprint>Crystal:Crystal_SMD_3225-4Pin_3.2x2.5mm</footprint>
      <libsource lib="Device" part="Crystal_GND24" description="Four pin crystal, GND on pins 2 and 4"/>
      <property name="Sheetname" value=""/>
      <property name="Sheetfile" value="Emrick.kicad_sch"/>
      <sheetpath names="/" tstamps="/"/>
      <tstamps>ed540427-76e0-4b0b-8d75-b7f2c32b8000</tstamps>
    </comp>
    <comp ref="Y2">
      <value>32.768kHz</value>
      <footprint>Crystal:Crystal_SMD_3215-2Pin_3.2x1.5mm</footprint>
      <libsource lib="Device" part="Crystal" description="Two pin crystal"/>
      <property name="Sheetname" value=""/>
      <property name="Sheetfile" value="Emrick.kicad_sch"/>
      <sheetpath names="/" tstamps="/"/>
      <tstamps>4856d522-ab78-4ea5-baff-e8a56ff70b5e</tstamps>
    </comp>
  </components>
  <libparts>
    <libpart lib="2022-09-27_01-15-34" part="BQ24072RGTR">
      <footprints>
        <fp>RGT16_1P7X1P7</fp>
      </footprints>
      <fields>
        <field name="Reference">U5</field>
        <field name="Value">BQ24072RGTR</field>
        <field name="Footprint">bq24072:BQ24072TRGTR</field>
      </fields>
      <pins>
        <pin num="1" name="TS" type="input"/>
        <pin num="2" name="BAT" type="bidirectional"/>
        <pin num="3" name="BAT" type="bidirectional"/>
        <pin num="4" name="*CE" type="input"/>
        <pin num="5" name="EN2" type="input"/>
        <pin num="6" name="EN1" type="input"/>
        <pin num="7" name="*PGOOD" type="output"/>
        <pin num="8" name="VSS" type="power_in"/>
        <pin num="9" name="*CHG" type="output"/>
        <pin num="10" name="OUT" type="output"/>
        <pin num="11" name="OUT" type="output"/>
        <pin num="12" name="ILIM" type="input"/>
        <pin num="13" name="IN" type="input"/>
        <pin num="14" name="TMR" type="input"/>
        <pin num="15" name="TD" type="input"/>
        <pin num="16" name="ISET" type="bidirectional"/>
        <pin num="17" name="EPAD" type="power_in"/>
      </pins>
    </libpart>
    <libpart lib="2022-09-29_03-42-52" part="CP2102N-A02-GQFN28">
      <footprints>
        <fp>QFN28_5X5_SIL</fp>
        <fp>QFN28_5X5_SIL-M</fp>
        <fp>QFN28_5X5_SIL-L</fp>
      </footprints>
      <fields>
        <field name="Reference">U6</field>
        <field name="Value">CP2102N-A02-GQFN28</field>
        <field name="Footprint">cp2102n:CP2102N-A02-GQFN28</field>
      </fields>
      <pins>
        <pin num="1" name="DCD" type="input"/>
        <pin num="2" name="RI/CLK" type="bidirectional"/>
        <pin num="3" name="GND" type="power_in"/>
        <pin num="4" name="D+" type="input"/>
        <pin num="5" name="D-" type="input"/>
        <pin num="6" name="VDD" type="power_in"/>
        <pin num="7" name="VREGIN" type="power_in"/>
        <pin num="8" name="VBUS" type="input"/>
        <pin num="9" name="RSTb" type="unspecified"/>
        <pin num="10" name="NC" type="no_connect"/>
        <pin num="11" name="SUSPENDb" type="output"/>
        <pin num="12" name="SUSPEND" type="output"/>
        <pin num="13" name="CHREN" type="output"/>
        <pin num="14" name="CHR1" type="output"/>
        <pin num="15" name="CHR0" type="output"/>
        <pin num="16" name="GPIO-3/WAKEUP" type="bidirectional"/>
        <pin num="17" name="GPIO-2/RS485" type="bidirectional"/>
        <pin num="18" name="GPIO-1/RXT" type="bidirectional"/>
        <pin num="19" name="GPIO-0/TXT" type="bidirectional"/>
        <pin num="20" name="GPIO-6" type="bidirectional"/>
        <pin num="21" name="GPIO-5" type="bidirectional"/>
        <pin num="22" name="GPIO-4" type="bidirectional"/>
        <pin num="23" name="CTS" type="input"/>
        <pin num="24" name="RTS" type="output"/>
        <pin num="25" name="RXD" type="input"/>
        <pin num="26" name="TXD" type="output"/>
        <pin num="27" name="DSR" type="input"/>
        <pin num="28" name="DTR" type="output"/>
        <pin num="29" name="GND" type="power_in"/>
      </pins>
    </libpart>
    <libpart lib="74xx" part="74HCT541">
      <description>8-bit Buffer/Line Driver 3-state outputs</description>
      <docs>http://www.ti.com/lit/gpn/sn74HCT541</docs>
      <footprints>
        <fp>DIP?20*</fp>
      </footprints>
      <fields>
        <field name="Reference">U</field>
        <field name="Value">74HCT541</field>
        <field name="Datasheet">http://www.ti.com/lit/gpn/sn74HCT541</field>
      </fields>
      <pins>
        <pin num="1" name="G1" type="input"/>
        <pin num="2" name="A0" type="input"/>
        <pin num="3" name="A1" type="input"/>
        <pin num="4" name="A2" type="input"/>
        <pin num="5" name="A3" type="input"/>
        <pin num="6" name="A4" type="input"/>
        <pin num="7" name="A5" type="input"/>
        <pin num="8" name="A6" type="input"/>
        <pin num="9" name="A7" type="input"/>
        <pin num="10" name="GND" type="power_in"/>
        <pin num="11" name="Y7" type="tri_state"/>
        <pin num="12" name="Y6" type="tri_state"/>
        <pin num="13" name="Y5" type="tri_state"/>
        <pin num="14" name="Y4" type="tri_state"/>
        <pin num="15" name="Y3" type="tri_state"/>
        <pin num="16" name="Y2" type="tri_state"/>
        <pin num="17" name="Y1" type="tri_state"/>
        <pin num="18" name="Y0" type="tri_state"/>
        <pin num="19" name="G2" type="input"/>
        <pin num="20" name="VCC" type="power_in"/>
      </pins>
    </libpart>
    <libpart lib="Connector" part="Conn_01x01_Female">
      <description>Generic connector, single row, 01x01, script generated (kicad-library-utils/schlib/autogen/connector/)</description>
      <docs>~</docs>
      <footprints>
        <fp>Connector*:*</fp>
      </footprints>
      <fields>
        <field name="Reference">J</field>
        <field name="Value">Conn_01x01_Female</field>
        <field name="Datasheet">~</field>
      </fields>
      <pins>
        <pin num="1" name="Pin_1" type="passive"/>
      </pins>
    </libpart>
    <libpart lib="Connector" part="USB_C_Plug_USB2.0">
      <description>USB 2.0-only Type-C Plug connector</description>
      <docs>https://www.usb.org/sites/default/files/documents/usb_type-c.zip</docs>
      <footprints>
        <fp>USB*C*Plug*</fp>
      </footprints>
      <fields>
        <field name="Reference">P</field>
        <field name="Value">USB_C_Plug_USB2.0</field>
        <field name="Datasheet">https://www.usb.org/sites/default/files/documents/usb_type-c.zip</field>
      </fields>
      <pins>
        <pin num="A1" name="GND" type="passive"/>
        <pin num="A4" name="VBUS" type="passive"/>
        <pin num="A5" name="CC" type="bidirectional"/>
        <pin num="A6" name="D+" type="bidirectional"/>
        <pin num="A7" name="D-" type="bidirectional"/>
        <pin num="A9" name="VBUS" type="passive"/>
        <pin num="A12" name="GND" type="passive"/>
        <pin num="B1" name="GND" type="passive"/>
        <pin num="B4" name="VBUS" type="passive"/>
        <pin num="B5" name="VCONN" type="bidirectional"/>
        <pin num="B9" name="VBUS" type="passive"/>
        <pin num="B12" name="GND" type="passive"/>
        <pin num="S1" name="SHIELD" type="passive"/>
      </pins>
    </libpart>
    <libpart lib="Connector_Generic" part="Conn_01x03">
      <description>Generic connector, single row, 01x03, script generated (kicad-library-utils/schlib/autogen/connector/)</description>
      <docs>~</docs>
      <footprints>
        <fp>Connector*:*_1x??_*</fp>
      </footprints>
      <fields>
        <field name="Reference">J</field>
        <field name="Value">Conn_01x03</field>
        <field name="Datasheet">~</field>
      </fields>
      <pins>
        <pin num="1" name="Pin_1" type="passive"/>
        <pin num="2" name="Pin_2" type="passive"/>
        <pin num="3" name="Pin_3" type="passive"/>
      </pins>
    </libpart>
    <libpart lib="Connector_Generic" part="Conn_01x04">
      <description>Generic connector, single row, 01x04, script generated (kicad-library-utils/schlib/autogen/connector/)</description>
      <docs>~</docs>
      <footprints>
        <fp>Connector*:*_1x??_*</fp>
      </footprints>
      <fields>
        <field name="Reference">J</field>
        <field name="Value">Conn_01x04</field>
        <field name="Datasheet">~</field>
      </fields>
      <pins>
        <pin num="1" name="Pin_1" type="passive"/>
        <pin num="2" name="Pin_2" type="passive"/>
        <pin num="3" name="Pin_3" type="passive"/>
        <pin num="4" name="Pin_4" type="passive"/>
      </pins>
    </libpart>
    <libpart lib="Connector_Generic" part="Conn_02x05_Odd_Even">
      <description>Generic connector, double row, 02x05, odd/even pin numbering scheme (row 1 odd numbers, row 2 even numbers), script generated (kicad-library-utils/schlib/autogen/connector/)</description>
      <docs>~</docs>
      <footprints>
        <fp>Connector*:*_2x??_*</fp>
      </footprints>
      <fields>
        <field name="Reference">J</field>
        <field name="Value">Conn_02x05_Odd_Even</field>
        <field name="Datasheet">~</field>
      </fields>
      <pins>
        <pin num="1" name="Pin_1" type="passive"/>
        <pin num="2" name="Pin_2" type="passive"/>
        <pin num="3" name="Pin_3" type="passive"/>
        <pin num="4" name="Pin_4" type="passive"/>
        <pin num="5" name="Pin_5" type="passive"/>
        <pin num="6" name="Pin_6" type="passive"/>
        <pin num="7" name="Pin_7" type="passive"/>
        <pin num="8" name="Pin_8" type="passive"/>
        <pin num="9" name="Pin_9" type="passive"/>
        <pin num="10" name="Pin_10" type="passive"/>
      </pins>
    </libpart>
    <libpart lib="Device" part="Antenna">
      <description>Antenna</description>
      <docs>~</docs>
      <fields>
        <field name="Reference">AE</field>
        <field name="Value">Antenna</field>
        <field name="Datasheet">~</field>
      </fields>
      <pins>
        <pin num="1" name="A" type="input"/>
      </pins>
    </libpart>
    <libpart lib="Device" part="C">
      <description>Unpolarized capacitor</description>
      <docs>~</docs>
      <footprints>
        <fp>C_*</fp>
      </footprints>
      <fields>
        <field name="Reference">C</field>
        <field name="Value">C</field>
        <field name="Datasheet">~</field>
      </fields>
      <pins>
        <pin num="1" name="" type="passive"/>
        <pin num="2" name="" type="passive"/>
      </pins>
    </libpart>
    <libpart lib="Device" part="Crystal">
      <description>Two pin crystal</description>
      <docs>~</docs>
      <footprints>
        <fp>Crystal*</fp>
      </footprints>
      <fields>
        <field name="Reference">Y</field>
        <field name="Value">Crystal</field>
        <field name="Datasheet">~</field>
      </fields>
      <pins>
        <pin num="1" name="1" type="passive"/>
        <pin num="2" name="2" type="passive"/>
      </pins>
    </libpart>
    <libpart lib="Device" part="Crystal_GND24">
      <description>Four pin crystal, GND on pins 2 and 4</description>
      <docs>~</docs>
      <footprints>
        <fp>Crystal*</fp>
      </footprints>
      <fields>
        <field name="Reference">Y</field>
        <field name="Value">Crystal_GND24</field>
        <field name="Datasheet">~</field>
      </fields>
      <pins>
        <pin num="1" name="1" type="passive"/>
        <pin num="2" name="2" type="passive"/>
        <pin num="3" name="3" type="passive"/>
        <pin num="4" name="4" type="passive"/>
      </pins>
    </libpart>
    <libpart lib="Device" part="FerriteBead">
      <description>Ferrite bead</description>
      <docs>~</docs>
      <footprints>
        <fp>Inductor_*</fp>
        <fp>L_*</fp>
        <fp>*Ferrite*</fp>
      </footprints>
      <fields>
        <field name="Reference">FB</field>
        <field name="Value">FerriteBead</field>
        <field name="Datasheet">~</field>
      </fields>
      <pins>
        <pin num="1" name="" type="passive"/>
        <pin num="2" name="" type="passive"/>
      </pins>
    </libpart>
    <libpart lib="Device" part="L">
      <description>Inductor</description>
      <docs>~</docs>
      <footprints>
        <fp>Choke_*</fp>
        <fp>*Coil*</fp>
        <fp>Inductor_*</fp>
        <fp>L_*</fp>
      </footprints>
      <fields>
        <field name="Reference">L</field>
        <field name="Value">L</field>
        <field name="Datasheet">~</field>
      </fields>
      <pins>
        <pin num="1" name="1" type="passive"/>
        <pin num="2" name="2" type="passive"/>
      </pins>
    </libpart>
    <libpart lib="Device" part="LED">
      <description>Light emitting diode</description>
      <docs>~</docs>
      <footprints>
        <fp>LED*</fp>
        <fp>LED_SMD:*</fp>
        <fp>LED_THT:*</fp>
      </footprints>
      <fields>
        <field name="Reference">D</field>
        <field name="Value">LED</field>
        <field name="Datasheet">~</field>
      </fields>
      <pins>
        <pin num="1" name="K" type="passive"/>
        <pin num="2" name="A" type="passive"/>
      </pins>
    </libpart>
    <libpart lib="Device" part="R">
      <description>Resistor</description>
      <docs>~</docs>
      <footprints>
        <fp>R_*</fp>
      </footprints>
      <fields>
        <field name="Reference">R</field>
        <field name="Value">R</field>
        <field name="Datasheet">~</field>
      </fields>
      <pins>
        <pin num="1" name="" type="passive"/>
        <pin num="2" name="" type="passive"/>
      </pins>
    </libpart>
    <libpart lib="MX25R8035FZUIL0" part="MX25R8035FZUIL0">
      <footprints>
        <fp>USON8_2X3_MAC</fp>
        <fp>USON8_2X3_MAC-M</fp>
        <fp>USON8_2X3_MAC-L</fp>
      </footprints>
      <fields>
        <field name="Reference">U2</field>
        <field name="Value">MX25R8035FZUIL0</field>
        <field name="Footprint">mx25r8:MX25R8035FZUIL0</field>
      </fields>
      <pins>
        <pin num="1" name="CS#" type="input"/>
        <pin num="2" name="SO/SIO1" type="bidirectional"/>
        <pin num="3" name="WP#/SIO2" type="bidirectional"/>
        <pin num="4" name="GND" type="power_in"/>
        <pin num="5" name="SI/SIO0" type="bidirectional"/>
        <pin num="6" name="SCLK" type="input"/>
        <pin num="7" name="RESET#/SIO3" type="bidirectional"/>
        <pin num="8" name="VCC" type="power_in"/>
        <pin num="9" name="GND" type="power_in"/>
      </pins>
    </libpart>
    <libpart lib="Power_Protection" part="SP0503BAHT">
      <description>TVS Diode Array, 5.5V Standoff, 3 Channels, SOT-143 package</description>
      <docs>http://www.littelfuse.com/~/media/files/littelfuse/technical%20resources/documents/data%20sheets/sp05xxba.pdf</docs>
      <footprints>
        <fp>SOT?143*</fp>
      </footprints>
      <fields>
        <field name="Reference">D</field>
        <field name="Value">SP0503BAHT</field>
        <field name="Footprint">Package_TO_SOT_SMD:SOT-143</field>
        <field name="Datasheet">http://www.littelfuse.com/~/media/files/littelfuse/technical%20resources/documents/data%20sheets/sp05xxba.pdf</field>
      </fields>
      <pins>
        <pin num="1" name="A" type="passive"/>
        <pin num="2" name="K" type="passive"/>
        <pin num="3" name="K" type="passive"/>
        <pin num="4" name="K" type="passive"/>
      </pins>
    </libpart>
    <libpart lib="Switch" part="SW_MEC_5E">
      <description>MEC 5E single pole normally-open tactile switch</description>
      <docs>http://www.apem.com/int/index.php?controller=attachment&amp;id_attachment=1371</docs>
      <footprints>
        <fp>SW*MEC*5G*</fp>
      </footprints>
      <fields>
        <field name="Reference">SW</field>
        <field name="Value">SW_MEC_5E</field>
        <field name="Datasheet">http://www.apem.com/int/index.php?controller=attachment&amp;id_attachment=1371</field>
      </fields>
      <pins>
        <pin num="1" name="1" type="passive"/>
        <pin num="2" name="2" type="passive"/>
        <pin num="3" name="K" type="passive"/>
        <pin num="4" name="A" type="passive"/>
      </pins>
    </libpart>
    <libpart lib="Switch" part="SW_SPST">
      <description>Single Pole Single Throw (SPST) switch</description>
      <docs>~</docs>
      <fields>
        <field name="Reference">SW</field>
        <field name="Value">SW_SPST</field>
        <field name="Datasheet">~</field>
      </fields>
      <pins>
        <pin num="1" name="A" type="passive"/>
        <pin num="2" name="B" type="passive"/>
      </pins>
    </libpart>
    <libpart lib="TPS63020" part="TPS63020DSJR">
      <footprints>
        <fp>DSJ14_2P85X1P58</fp>
      </footprints>
      <fields>
        <field name="Reference">U4</field>
        <field name="Value">TPS63020DSJR</field>
        <field name="Footprint">tps63020:TPS63020DSJR</field>
      </fields>
      <pins>
        <pin num="1" name="VINA" type="input"/>
        <pin num="2" name="GND" type="power_in"/>
        <pin num="3" name="FB" type="input"/>
        <pin num="4" name="VOUT" type="output"/>
        <pin num="5" name="VOUT" type="output"/>
        <pin num="6" name="L2" type="input"/>
        <pin num="7" name="L2" type="input"/>
        <pin num="8" name="L1" type="input"/>
        <pin num="9" name="L1" type="input"/>
        <pin num="10" name="VIN" type="input"/>
        <pin num="11" name="VIN" type="input"/>
        <pin num="12" name="EN" type="input"/>
        <pin num="13" name="PS/SYNC" type="input"/>
        <pin num="14" name="PG" type="output"/>
        <pin num="15" name="EPAD" type="unspecified"/>
      </pins>
    </libpart>
    <libpart lib="Transistor_BJT" part="BCX53">
      <description>1A Ic, 80V Vce, PNP Medium Power Transistor, SOT-89</description>
      <docs>http://www.infineon.com/dgdl/bcx51_bcx52_bcx53.pdf</docs>
      <footprints>
        <fp>SOT?89*</fp>
      </footprints>
      <fields>
        <field name="Reference">Q</field>
        <field name="Value">BCX53</field>
        <field name="Footprint">Package_TO_SOT_SMD:SOT-89-3</field>
        <field name="Datasheet">http://www.infineon.com/dgdl/bcx51_bcx52_bcx53.pdf</field>
      </fields>
      <pins>
        <pin num="1" name="B" type="input"/>
        <pin num="2" name="C" type="passive"/>
        <pin num="3" name="E" type="passive"/>
      </pins>
    </libpart>
    <libpart lib="cc1310" part="CC1310F128RGZR">
      <footprints>
        <fp>RGZ0048A</fp>
      </footprints>
      <fields>
        <field name="Reference">U1</field>
        <field name="Value">CC1310F128RGZR</field>
        <field name="Footprint">cc1310:CC1310F128RGZR</field>
      </fields>
      <pins>
        <pin num="1" name="RF_P" type="bidirectional"/>
        <pin num="2" name="RF_N" type="bidirectional"/>
        <pin num="3" name="RX_TX" type="bidirectional"/>
        <pin num="4" name="X32K_Q1" type="unspecified"/>
        <pin num="5" name="X32K_Q2" type="unspecified"/>
        <pin num="6" name="DIO_1" type="bidirectional"/>
        <pin num="7" name="DIO_2" type="bidirectional"/>
        <pin num="8" name="DIO_3" type="bidirectional"/>
        <pin num="9" name="DIO_4" type="bidirectional"/>
        <pin num="10" name="DIO_5" type="bidirectional"/>
        <pin num="11" name="DIO_6" type="bidirectional"/>
        <pin num="12" name="DIO_7" type="bidirectional"/>
        <pin num="13" name="VDDS2" type="power_in"/>
        <pin num="14" name="DIO_8" type="bidirectional"/>
        <pin num="15" name="DIO_9" type="bidirectional"/>
        <pin num="16" name="DIO_10" type="bidirectional"/>
        <pin num="17" name="DIO_11" type="bidirectional"/>
        <pin num="18" name="DIO_12" type="bidirectional"/>
        <pin num="19" name="DIO_13" type="bidirectional"/>
        <pin num="20" name="DIO_14" type="bidirectional"/>
        <pin num="21" name="DIO_15" type="bidirectional"/>
        <pin num="22" name="VDDS3" type="power_in"/>
        <pin num="23" name="DCOUPL" type="power_in"/>
        <pin num="24" name="JTAG_TMSC" type="bidirectional"/>
        <pin num="25" name="JTAG_TCKC" type="bidirectional"/>
        <pin num="26" name="DIO_16" type="bidirectional"/>
        <pin num="27" name="DIO_17" type="bidirectional"/>
        <pin num="28" name="DIO_18" type="bidirectional"/>
        <pin num="29" name="DIO_19" type="bidirectional"/>
        <pin num="30" name="DIO_20" type="bidirectional"/>
        <pin num="31" name="DIO_21" type="bidirectional"/>
        <pin num="32" name="DIO_22" type="bidirectional"/>
        <pin num="33" name="DCDC_SW" type="power_in"/>
        <pin num="34" name="VDDS_DCDC" type="power_in"/>
        <pin num="35" name="RESET_N" type="input"/>
        <pin num="36" name="DIO_23" type="bidirectional"/>
        <pin num="37" name="DIO_24" type="bidirectional"/>
        <pin num="38" name="DIO_25" type="bidirectional"/>
        <pin num="39" name="DIO_26" type="bidirectional"/>
        <pin num="40" name="DIO_27" type="bidirectional"/>
        <pin num="41" name="DIO_28" type="bidirectional"/>
        <pin num="42" name="DIO_29" type="bidirectional"/>
        <pin num="43" name="DIO_30" type="bidirectional"/>
        <pin num="44" name="VDDS" type="power_in"/>
        <pin num="45" name="VDDR" type="power_in"/>
        <pin num="46" name="X24M_N" type="unspecified"/>
        <pin num="47" name="X24M_P" type="unspecified"/>
        <pin num="48" name="VDDR" type="power_in"/>
        <pin num="49" name="EP" type="power_in"/>
      </pins>
    </libpart>
  </libparts>
  <libraries>
    <library logical="2022-09-27_01-15-34">
      <uri/>
    </library>
    <library logical="2022-09-29_03-42-52">
      <uri>//nas01.itap.purdue.edu/puhome/My Documents/Downloads/ul_CP2102N-A02-GQFN28/KiCAD/2022-09-29_03-42-52/2022-09-29_03-42-52.lib</uri>
    </library>
    <library logical="74xx">
      <uri>D:\Programs\KiCad6.0\share\kicad\symbols\/74xx.kicad_sym</uri>
    </library>
    <library logical="Connector">
      <uri>D:\Programs\KiCad6.0\share\kicad\symbols\/Connector.kicad_sym</uri>
    </library>
    <library logical="Connector_Generic">
      <uri>D:\Programs\KiCad6.0\share\kicad\symbols\/Connector_Generic.kicad_sym</uri>
    </library>
    <library logical="Device">
      <uri>D:\Programs\KiCad6.0\share\kicad\symbols\/Device.kicad_sym</uri>
    </library>
    <library logical="Power_Protection">
      <uri>D:\Programs\KiCad6.0\share\kicad\symbols\/Power_Protection.kicad_sym</uri>
    </library>
    <library logical="Switch">
      <uri>D:\Programs\KiCad6.0\share\kicad\symbols\/Switch.kicad_sym</uri>
    </library>
    <library logical="Transistor_BJT">
      <uri>D:\Programs\KiCad6.0\share\kicad\symbols\/Transistor_BJT.kicad_sym</uri>
    </library>
    <library logical="cc1310">
      <uri/>
    </library>
  </libraries>
  <nets>
    <net code="1" name="BAT_CHG">
      <node ref="D2" pin="1" pinfunction="K" pintype="passive"/>
      <node ref="U2" pin="37" pinfunction="DIO_24" pintype="bidirectional"/>
      <node ref="U6" pin="9" pinfunction="*CHG" pintype="output"/>
    </net>
    <net code="2" name="BAT_PGOOD">
      <node ref="D3" pin="1" pinfunction="K" pintype="passive"/>
      <node ref="U2" pin="42" pinfunction="DIO_29" pintype="bidirectional"/>
      <node ref="U6" pin="7" pinfunction="*PGOOD" pintype="output"/>
    </net>
    <net code="3" name="BAT_TS">
      <node ref="J4" pin="2" pinfunction="Pin_2" pintype="passive"/>
      <node ref="U6" pin="1" pinfunction="TS" pintype="input"/>
    </net>
    <net code="4" name="BBReg_5V">
      <node ref="C27" pin="2" pintype="passive"/>
      <node ref="C28" pin="1" pintype="passive"/>
      <node ref="C29" pin="1" pintype="passive"/>
      <node ref="J1" pin="1" pinfunction="Pin_1" pintype="passive"/>
      <node ref="R10" pin="1" pintype="passive"/>
      <node ref="R11" pin="1" pintype="passive"/>
      <node ref="U1" pin="20" pinfunction="VCC" pintype="power_in"/>
      <node ref="U3" pin="4" pinfunction="VOUT" pintype="output"/>
      <node ref="U3" pin="5" pinfunction="VOUT" pintype="output"/>
    </net>
    <net code="5" name="BOOTLOADER_BACKDOOR">
      <node ref="U2" pin="19" pinfunction="DIO_13" pintype="bidirectional"/>
      <node ref="U4" pin="22" pinfunction="GPIO-4" pintype="bidirectional"/>
    </net>
    <net code="6" name="CHR0">
      <node ref="Q2" pin="1" pinfunction="B" pintype="input"/>
      <node ref="U4" pin="15" pinfunction="CHR0" pintype="output"/>
    </net>
    <net code="7" name="CHR1">
      <node ref="Q1" pin="1" pinfunction="B" pintype="input"/>
      <node ref="U4" pin="14" pinfunction="CHR1" pintype="output"/>
    </net>
    <net code="8" name="CHREN">
      <node ref="Q3" pin="1" pinfunction="B" pintype="input"/>
      <node ref="U4" pin="13" pinfunction="CHREN" pintype="output"/>
    </net>
    <net code="9" name="DCDC_SW">
      <node ref="L1" pin="1" pinfunction="1" pintype="passive"/>
      <node ref="U2" pin="33" pinfunction="DCDC_SW" pintype="power_in"/>
    </net>
    <net code="10" name="DIO8_Flash_MISO">
      <node ref="U2" pin="14" pinfunction="DIO_8" pintype="bidirectional"/>
      <node ref="U5" pin="2" pinfunction="SO/SIO1" pintype="bidirectional"/>
    </net>
    <net code="11" name="DIO9_Flash_MOSI">
      <node ref="U2" pin="15" pinfunction="DIO_9" pintype="bidirectional"/>
      <node ref="U5" pin="5" pinfunction="SI/SIO0" pintype="bidirectional"/>
    </net>
    <net code="12" name="DIO10_Flash_SCLK">
      <node ref="U2" pin="16" pinfunction="DIO_10" pintype="bidirectional"/>
      <node ref="U5" pin="6" pinfunction="SCLK" pintype="input"/>
    </net>
    <net code="13" name="DIO16_TDO">
      <node ref="J3" pin="6" pinfunction="Pin_6" pintype="passive"/>
      <node ref="U2" pin="26" pinfunction="DIO_16" pintype="bidirectional"/>
    </net>
    <net code="14" name="DIO17_TDI">
      <node ref="J3" pin="8" pinfunction="Pin_8" pintype="passive"/>
      <node ref="U2" pin="27" pinfunction="DIO_17" pintype="bidirectional"/>
    </net>
    <net code="15" name="DIO20_Flash_CS">
      <node ref="R13" pin="2" pintype="passive"/>
      <node ref="U2" pin="30" pinfunction="DIO_20" pintype="bidirectional"/>
      <node ref="U5" pin="1" pinfunction="CS#" pintype="input"/>
    </net>
    <net code="16" name="GND">
      <node ref="C1" pin="2" pintype="passive"/>
      <node ref="C10" pin="2" pintype="passive"/>
      <node ref="C11" pin="1" pintype="passive"/>
      <node ref="C13" pin="2" pintype="passive"/>
      <node ref="C14" pin="2" pintype="passive"/>
      <node ref="C15" pin="2" pintype="passive"/>
      <node ref="C19" pin="2" pintype="passive"/>
      <node ref="C2" pin="2" pintype="passive"/>
      <node ref="C20" pin="2" pintype="passive"/>
      <node ref="C21" pin="2" pintype="passive"/>
      <node ref="C22" pin="2" pintype="passive"/>
      <node ref="C23" pin="2" pintype="passive"/>
      <node ref="C24" pin="2" pintype="passive"/>
      <node ref="C25" pin="1" pintype="passive"/>
      <node ref="C26" pin="1" pintype="passive"/>
      <node ref="C27" pin="1" pintype="passive"/>
      <node ref="C28" pin="2" pintype="passive"/>
      <node ref="C29" pin="2" pintype="passive"/>
      <node ref="C3" pin="2" pintype="passive"/>
      <node ref="C30" pin="2" pintype="passive"/>
      <node ref="C31" pin="2" pintype="passive"/>
      <node ref="C32" pin="2" pintype="passive"/>
      <node ref="C33" pin="2" pintype="passive"/>
      <node ref="C34" pin="2" pintype="passive"/>
      <node ref="C4" pin="2" pintype="passive"/>
      <node ref="C5" pin="2" pintype="passive"/>
      <node ref="C6" pin="2" pintype="passive"/>
      <node ref="C7" pin="2" pintype="passive"/>
      <node ref="C8" pin="2" pintype="passive"/>
      <node ref="C9" pin="2" pintype="passive"/>
      <node ref="D4" pin="1" pinfunction="A" pintype="passive"/>
      <node ref="J1" pin="4" pinfunction="Pin_4" pintype="passive"/>
      <node ref="J3" pin="3" pinfunction="Pin_3" pintype="passive"/>
      <node ref="J3" pin="5" pinfunction="Pin_5" pintype="passive"/>
      <node ref="J3" pin="9" pinfunction="Pin_9" pintype="passive"/>
      <node ref="J4" pin="3" pinfunction="Pin_3" pintype="passive"/>
      <node ref="P1" pin="A1" pinfunction="GND" pintype="passive"/>
      <node ref="P1" pin="A12" pinfunction="GND" pintype="passive"/>
      <node ref="P1" pin="B1" pinfunction="GND" pintype="passive"/>
      <node ref="P1" pin="B12" pinfunction="GND" pintype="passive"/>
      <node ref="P1" pin="S1" pinfunction="SHIELD" pintype="passive"/>
      <node ref="Q1" pin="2" pinfunction="C" pintype="passive"/>
      <node ref="Q2" pin="2" pinfunction="C" pintype="passive"/>
      <node ref="Q3" pin="2" pinfunction="C" pintype="passive"/>
      <node ref="R12" pin="2" pintype="passive"/>
      <node ref="R18" pin="2" pintype="passive"/>
      <node ref="R20" pin="2" pintype="passive"/>
      <node ref="R6" pin="1" pintype="passive"/>
      <node ref="SW2" pin="4" pinfunction="A" pintype="passive"/>
      <node ref="U1" pin="1" pinfunction="G1" pintype="input"/>
      <node ref="U1" pin="10" pinfunction="GND" pintype="power_in"/>
      <node ref="U1" pin="19" pinfunction="G2" pintype="input"/>
      <node ref="U1" pin="3" pinfunction="A1" pintype="input"/>
      <node ref="U1" pin="4" pinfunction="A2" pintype="input"/>
      <node ref="U1" pin="5" pinfunction="A3" pintype="input"/>
      <node ref="U1" pin="6" pinfunction="A4" pintype="input"/>
      <node ref="U1" pin="7" pinfunction="A5" pintype="input"/>
      <node ref="U1" pin="8" pinfunction="A6" pintype="input"/>
      <node ref="U1" pin="9" pinfunction="A7" pintype="input"/>
      <node ref="U2" pin="49" pinfunction="EP" pintype="power_in"/>
      <node ref="U3" pin="15" pinfunction="EPAD" pintype="unspecified"/>
      <node ref="U3" pin="2" pinfunction="GND" pintype="power_in"/>
      <node ref="U4" pin="29" pinfunction="GND" pintype="power_in"/>
      <node ref="U4" pin="3" pinfunction="GND" pintype="power_in"/>
      <node ref="U5" pin="4" pinfunction="GND" pintype="power_in"/>
      <node ref="U5" pin="9" pinfunction="GND" pintype="power_in"/>
      <node ref="U6" pin="14" pinfunction="TMR" pintype="input"/>
      <node ref="U6" pin="15" pinfunction="TD" pintype="input"/>
      <node ref="U6" pin="17" pinfunction="EPAD" pintype="power_in"/>
      <node ref="U6" pin="4" pinfunction="*CE" pintype="input"/>
      <node ref="U6" pin="6" pinfunction="EN1" pintype="input"/>
      <node ref="U6" pin="8" pinfunction="VSS" pintype="power_in"/>
      <node ref="Y1" pin="2" pinfunction="2" pintype="passive"/>
      <node ref="Y1" pin="4" pinfunction="4" pintype="passive"/>
    </net>
    <net code="17" name="ISET">
      <node ref="R7" pin="1" pintype="passive"/>
      <node ref="R8" pin="1" pintype="passive"/>
      <node ref="R9" pin="1" pintype="passive"/>
      <node ref="U6" pin="16" pinfunction="ISET" pintype="bidirectional"/>
    </net>
    <net code="18" name="LED_DATA_3V">
      <node ref="U1" pin="2" pinfunction="A0" pintype="input"/>
      <node ref="U2" pin="9" pinfunction="DIO_4" pintype="bidirectional"/>
    </net>
    <net code="19" name="LED_DATA_5V">
      <node ref="J1" pin="2" pinfunction="Pin_2" pintype="passive"/>
      <node ref="J1" pin="3" pinfunction="Pin_3" pintype="passive"/>
      <node ref="U1" pin="18" pinfunction="Y0" pintype="tri_state"/>
    </net>
    <net code="20" name="Net-(AE1-Pad1)">
      <node ref="AE1" pin="1" pinfunction="A" pintype="input"/>
      <node ref="C17" pin="2" pintype="passive"/>
    </net>
    <net code="21" name="Net-(C9-Pad1)">
      <node ref="C9" pin="1" pintype="passive"/>
      <node ref="U2" pin="5" pinfunction="X32K_Q2" pintype="unspecified"/>
      <node ref="Y2" pin="1" pinfunction="1" pintype="passive"/>
    </net>
    <net code="22" name="Net-(C10-Pad1)">
      <node ref="C10" pin="1" pintype="passive"/>
      <node ref="U2" pin="4" pinfunction="X32K_Q1" pintype="unspecified"/>
      <node ref="Y2" pin="2" pinfunction="2" pintype="passive"/>
    </net>
    <net code="23" name="Net-(C11-Pad2)">
      <node ref="C11" pin="2" pintype="passive"/>
      <node ref="L2" pin="1" pinfunction="1" pintype="passive"/>
      <node ref="L3" pin="1" pinfunction="1" pintype="passive"/>
      <node ref="U2" pin="1" pinfunction="RF_P" pintype="bidirectional"/>
    </net>
    <net code="24" name="Net-(C12-Pad1)">
      <node ref="C12" pin="1" pintype="passive"/>
      <node ref="J2" pin="1" pinfunction="Pin_1" pintype="passive"/>
    </net>
    <net code="25" name="Net-(C12-Pad2)">
      <node ref="C12" pin="2" pintype="passive"/>
      <node ref="C16" pin="2" pintype="passive"/>
      <node ref="C21" pin="1" pintype="passive"/>
      <node ref="L5" pin="2" pinfunction="2" pintype="passive"/>
    </net>
    <net code="26" name="Net-(C16-Pad1)">
      <node ref="C16" pin="1" pintype="passive"/>
      <node ref="L6" pin="1" pinfunction="1" pintype="passive"/>
    </net>
    <net code="27" name="Net-(C17-Pad1)">
      <node ref="C17" pin="1" pintype="passive"/>
      <node ref="L6" pin="2" pinfunction="2" pintype="passive"/>
    </net>
    <net code="28" name="Net-(C18-Pad1)">
      <node ref="C18" pin="1" pintype="passive"/>
      <node ref="L3" pin="2" pinfunction="2" pintype="passive"/>
      <node ref="L7" pin="1" pinfunction="1" pintype="passive"/>
      <node ref="U2" pin="2" pinfunction="RF_N" pintype="bidirectional"/>
    </net>
    <net code="29" name="Net-(C18-Pad2)">
      <node ref="C18" pin="2" pintype="passive"/>
      <node ref="C19" pin="1" pintype="passive"/>
      <node ref="L2" pin="2" pinfunction="2" pintype="passive"/>
      <node ref="L4" pin="1" pinfunction="1" pintype="passive"/>
    </net>
    <net code="30" name="Net-(C20-Pad1)">
      <node ref="C20" pin="1" pintype="passive"/>
      <node ref="L4" pin="2" pinfunction="2" pintype="passive"/>
      <node ref="L5" pin="1" pinfunction="1" pintype="passive"/>
    </net>
    <net code="31" name="Net-(C22-Pad1)">
      <node ref="C22" pin="1" pintype="passive"/>
      <node ref="U2" pin="23" pinfunction="DCOUPL" pintype="power_in"/>
    </net>
    <net code="32" name="Net-(C23-Pad1)">
      <node ref="C23" pin="1" pintype="passive"/>
      <node ref="L7" pin="2" pinfunction="2" pintype="passive"/>
      <node ref="U2" pin="3" pinfunction="RX_TX" pintype="bidirectional"/>
    </net>
    <net code="33" name="Net-(C30-Pad1)">
      <node ref="C30" pin="1" pintype="passive"/>
      <node ref="U3" pin="1" pinfunction="VINA" pintype="input"/>
      <node ref="U3" pin="13" pinfunction="PS/SYNC" pintype="input"/>
    </net>
    <net code="34" name="Net-(C32-Pad1)">
      <node ref="C32" pin="1" pintype="passive"/>
      <node ref="R21" pin="2" pintype="passive"/>
      <node ref="U5" pin="8" pinfunction="VCC" pintype="power_in"/>
    </net>
    <net code="35" name="Net-(D1-Pad2)">
      <node ref="D1" pin="2" pinfunction="A" pintype="passive"/>
      <node ref="R1" pin="1" pintype="passive"/>
    </net>
    <net code="36" name="Net-(D2-Pad2)">
      <node ref="D2" pin="2" pinfunction="A" pintype="passive"/>
      <node ref="R4" pin="1" pintype="passive"/>
    </net>
    <net code="37" name="Net-(D3-Pad2)">
      <node ref="D3" pin="2" pinfunction="A" pintype="passive"/>
      <node ref="R5" pin="1" pintype="passive"/>
    </net>
    <net code="38" name="Net-(J3-Pad1)">
      <node ref="J3" pin="1" pinfunction="Pin_1" pintype="passive"/>
      <node ref="R3" pin="2" pintype="passive"/>
    </net>
    <net code="39" name="Net-(J4-Pad1)">
      <node ref="J4" pin="1" pinfunction="Pin_1" pintype="passive"/>
      <node ref="SW1" pin="2" pinfunction="B" pintype="passive"/>
    </net>
    <net code="40" name="Net-(L8-Pad1)">
      <node ref="L8" pin="1" pinfunction="1" pintype="passive"/>
      <node ref="U3" pin="8" pinfunction="L1" pintype="input"/>
      <node ref="U3" pin="9" pinfunction="L1" pintype="input"/>
    </net>
    <net code="41" name="Net-(L8-Pad2)">
      <node ref="L8" pin="2" pinfunction="2" pintype="passive"/>
      <node ref="U3" pin="6" pinfunction="L2" pintype="input"/>
      <node ref="U3" pin="7" pinfunction="L2" pintype="input"/>
    </net>
    <net code="42" name="Net-(P1-PadA5)">
      <node ref="P1" pin="A5" pinfunction="CC" pintype="bidirectional"/>
      <node ref="R6" pin="2" pintype="passive"/>
    </net>
    <net code="43" name="Net-(Q1-Pad3)">
      <node ref="Q1" pin="3" pinfunction="E" pintype="passive"/>
      <node ref="R7" pin="2" pintype="passive"/>
    </net>
    <net code="44" name="Net-(Q2-Pad3)">
      <node ref="Q2" pin="3" pinfunction="E" pintype="passive"/>
      <node ref="R8" pin="2" pintype="passive"/>
    </net>
    <net code="45" name="Net-(Q3-Pad3)">
      <node ref="Q3" pin="3" pinfunction="E" pintype="passive"/>
      <node ref="R9" pin="2" pintype="passive"/>
    </net>
    <net code="46" name="Net-(R10-Pad2)">
      <node ref="R10" pin="2" pintype="passive"/>
      <node ref="R12" pin="1" pintype="passive"/>
      <node ref="U3" pin="3" pinfunction="FB" pintype="input"/>
    </net>
    <net code="47" name="Net-(R11-Pad2)">
      <node ref="R11" pin="2" pintype="passive"/>
      <node ref="U3" pin="14" pinfunction="PG" pintype="output"/>
    </net>
    <net code="48" name="Net-(R14-Pad2)">
      <node ref="R14" pin="2" pintype="passive"/>
      <node ref="U4" pin="1" pinfunction="DCD" pintype="input"/>
    </net>
    <net code="49" name="Net-(R15-Pad2)">
      <node ref="R15" pin="2" pintype="passive"/>
      <node ref="U4" pin="2" pinfunction="RI/CLK" pintype="bidirectional"/>
    </net>
    <net code="50" name="Net-(R16-Pad2)">
      <node ref="R16" pin="2" pintype="passive"/>
      <node ref="U4" pin="27" pinfunction="DSR" pintype="input"/>
    </net>
    <net code="51" name="Net-(R17-Pad2)">
      <node ref="R17" pin="2" pintype="passive"/>
      <node ref="R20" pin="1" pintype="passive"/>
      <node ref="U4" pin="8" pinfunction="VBUS" pintype="input"/>
    </net>
    <net code="52" name="Net-(R18-Pad1)">
      <node ref="R18" pin="1" pintype="passive"/>
      <node ref="U6" pin="12" pinfunction="ILIM" pintype="input"/>
    </net>
    <net code="53" name="Net-(R19-Pad2)">
      <node ref="R19" pin="2" pintype="passive"/>
      <node ref="U4" pin="9" pinfunction="RSTb" pintype="unspecified"/>
    </net>
    <net code="54" name="Net-(U2-Pad46)">
      <node ref="U2" pin="46" pinfunction="X24M_N" pintype="unspecified"/>
      <node ref="Y1" pin="3" pinfunction="3" pintype="passive"/>
    </net>
    <net code="55" name="Net-(U2-Pad47)">
      <node ref="U2" pin="47" pinfunction="X24M_P" pintype="unspecified"/>
      <node ref="Y1" pin="1" pinfunction="1" pintype="passive"/>
    </net>
    <net code="56" name="PWR_LED">
      <node ref="D1" pin="1" pinfunction="K" pintype="passive"/>
      <node ref="U2" pin="12" pinfunction="DIO_7" pintype="bidirectional"/>
    </net>
    <net code="57" name="RS485">
      <node ref="U2" pin="20" pinfunction="DIO_14" pintype="bidirectional"/>
      <node ref="U4" pin="17" pinfunction="GPIO-2/RS485" pintype="bidirectional"/>
    </net>
    <net code="58" name="UART_RX">
      <node ref="U2" pin="7" pinfunction="DIO_2" pintype="bidirectional"/>
      <node ref="U4" pin="25" pinfunction="RXD" pintype="input"/>
    </net>
    <net code="59" name="UART_TX">
      <node ref="U2" pin="8" pinfunction="DIO_3" pintype="bidirectional"/>
      <node ref="U4" pin="26" pinfunction="TXD" pintype="output"/>
    </net>
    <net code="60" name="USB_DMINUS">
      <node ref="D4" pin="3" pinfunction="K" pintype="passive"/>
      <node ref="P1" pin="A7" pinfunction="D-" pintype="bidirectional"/>
      <node ref="U4" pin="5" pinfunction="D-" pintype="input"/>
    </net>
    <net code="61" name="USB_DPLUS">
      <node ref="D4" pin="4" pinfunction="K" pintype="passive"/>
      <node ref="P1" pin="A6" pinfunction="D+" pintype="bidirectional"/>
      <node ref="U4" pin="4" pinfunction="D+" pintype="input"/>
    </net>
    <net code="62" name="VBAT">
      <node ref="C31" pin="1" pintype="passive"/>
      <node ref="SW1" pin="1" pinfunction="A" pintype="passive"/>
      <node ref="U6" pin="2" pinfunction="BAT" pintype="bidirectional"/>
      <node ref="U6" pin="3" pinfunction="BAT" pintype="bidirectional"/>
    </net>
    <net code="63" name="VBUS">
      <node ref="C33" pin="1" pintype="passive"/>
      <node ref="D4" pin="2" pinfunction="K" pintype="passive"/>
      <node ref="P1" pin="A4" pinfunction="VBUS" pintype="passive"/>
      <node ref="P1" pin="A9" pinfunction="VBUS" pintype="passive"/>
      <node ref="P1" pin="B4" pinfunction="VBUS" pintype="passive"/>
      <node ref="P1" pin="B9" pinfunction="VBUS" pintype="passive"/>
      <node ref="R17" pin="1" pintype="passive"/>
      <node ref="U6" pin="13" pinfunction="IN" pintype="input"/>
    </net>
    <net code="64" name="VDDR">
      <node ref="C6" pin="1" pintype="passive"/>
      <node ref="C7" pin="1" pintype="passive"/>
      <node ref="C8" pin="1" pintype="passive"/>
      <node ref="L1" pin="2" pinfunction="2" pintype="passive"/>
      <node ref="U2" pin="45" pinfunction="VDDR" pintype="power_in"/>
      <node ref="U2" pin="48" pinfunction="VDDR" pintype="power_in"/>
    </net>
    <net code="65" name="VDDS">
      <node ref="C1" pin="1" pintype="passive"/>
      <node ref="C13" pin="1" pintype="passive"/>
      <node ref="C14" pin="1" pintype="passive"/>
      <node ref="C2" pin="1" pintype="passive"/>
      <node ref="C25" pin="2" pintype="passive"/>
      <node ref="C26" pin="2" pintype="passive"/>
      <node ref="C3" pin="1" pintype="passive"/>
      <node ref="C34" pin="1" pintype="passive"/>
      <node ref="C4" pin="1" pintype="passive"/>
      <node ref="C5" pin="1" pintype="passive"/>
      <node ref="FB1" pin="2" pintype="passive"/>
      <node ref="R1" pin="2" pintype="passive"/>
      <node ref="R14" pin="1" pintype="passive"/>
      <node ref="R15" pin="1" pintype="passive"/>
      <node ref="R16" pin="1" pintype="passive"/>
      <node ref="R19" pin="1" pintype="passive"/>
      <node ref="R2" pin="1" pintype="passive"/>
      <node ref="R4" pin="2" pintype="passive"/>
      <node ref="R5" pin="2" pintype="passive"/>
      <node ref="U2" pin="13" pinfunction="VDDS2" pintype="power_in"/>
      <node ref="U2" pin="22" pinfunction="VDDS3" pintype="power_in"/>
      <node ref="U2" pin="34" pinfunction="VDDS_DCDC" pintype="power_in"/>
      <node ref="U2" pin="44" pinfunction="VDDS" pintype="power_in"/>
      <node ref="U3" pin="10" pinfunction="VIN" pintype="input"/>
      <node ref="U3" pin="11" pinfunction="VIN" pintype="input"/>
      <node ref="U3" pin="12" pinfunction="EN" pintype="input"/>
      <node ref="U4" pin="6" pinfunction="VDD" pintype="power_in"/>
      <node ref="U4" pin="7" pinfunction="VREGIN" pintype="power_in"/>
      <node ref="U6" pin="10" pinfunction="OUT" pintype="output"/>
      <node ref="U6" pin="11" pinfunction="OUT" pintype="output"/>
      <node ref="U6" pin="5" pinfunction="EN2" pintype="input"/>
    </net>
    <net code="66" name="WMCU_RESET">
      <node ref="C15" pin="1" pintype="passive"/>
      <node ref="C24" pin="1" pintype="passive"/>
      <node ref="J3" pin="10" pinfunction="Pin_10" pintype="passive"/>
      <node ref="R2" pin="2" pintype="passive"/>
      <node ref="SW2" pin="1" pinfunction="1" pintype="passive"/>
      <node ref="U2" pin="35" pinfunction="RESET_N" pintype="input"/>
    </net>
    <net code="67" name="WMCU_TCK">
      <node ref="J3" pin="4" pinfunction="Pin_4" pintype="passive"/>
      <node ref="U2" pin="25" pinfunction="JTAG_TCKC" pintype="bidirectional"/>
    </net>
    <net code="68" name="WMCU_TMS">
      <node ref="J3" pin="2" pinfunction="Pin_2" pintype="passive"/>
      <node ref="U2" pin="24" pinfunction="JTAG_TMSC" pintype="bidirectional"/>
    </net>
    <net code="69" name="WMCU_VDDS">
      <node ref="FB1" pin="1" pintype="passive"/>
      <node ref="R13" pin="1" pintype="passive"/>
      <node ref="R21" pin="1" pintype="passive"/>
      <node ref="R3" pin="1" pintype="passive"/>
    </net>
    <net code="70" name="unconnected-(J3-Pad7)">
      <node ref="J3" pin="7" pinfunction="Pin_7" pintype="passive+no_connect"/>
    </net>
    <net code="71" name="unconnected-(P1-PadB5)">
      <node ref="P1" pin="B5" pinfunction="VCONN" pintype="bidirectional+no_connect"/>
    </net>
    <net code="72" name="unconnected-(SW2-Pad2)">
      <node ref="SW2" pin="2" pinfunction="2" pintype="passive+no_connect"/>
    </net>
    <net code="73" name="unconnected-(SW2-Pad3)">
      <node ref="SW2" pin="3" pinfunction="K" pintype="passive+no_connect"/>
    </net>
    <net code="74" name="unconnected-(U1-Pad11)">
      <node ref="U1" pin="11" pinfunction="Y7" pintype="tri_state+no_connect"/>
    </net>
    <net code="75" name="unconnected-(U1-Pad12)">
      <node ref="U1" pin="12" pinfunction="Y6" pintype="tri_state+no_connect"/>
    </net>
    <net code="76" name="unconnected-(U1-Pad13)">
      <node ref="U1" pin="13" pinfunction="Y5" pintype="tri_state+no_connect"/>
    </net>
    <net code="77" name="unconnected-(U1-Pad14)">
      <node ref="U1" pin="14" pinfunction="Y4" pintype="tri_state+no_connect"/>
    </net>
    <net code="78" name="unconnected-(U1-Pad15)">
      <node ref="U1" pin="15" pinfunction="Y3" pintype="tri_state+no_connect"/>
    </net>
    <net code="79" name="unconnected-(U1-Pad16)">
      <node ref="U1" pin="16" pinfunction="Y2" pintype="tri_state+no_connect"/>
    </net>
    <net code="80" name="unconnected-(U1-Pad17)">
      <node ref="U1" pin="17" pinfunction="Y1" pintype="tri_state+no_connect"/>
    </net>
    <net code="81" name="unconnected-(U2-Pad6)">
      <node ref="U2" pin="6" pinfunction="DIO_1" pintype="bidirectional+no_connect"/>
    </net>
    <net code="82" name="unconnected-(U2-Pad10)">
      <node ref="U2" pin="10" pinfunction="DIO_5" pintype="bidirectional+no_connect"/>
    </net>
    <net code="83" name="unconnected-(U2-Pad11)">
      <node ref="U2" pin="11" pinfunction="DIO_6" pintype="bidirectional+no_connect"/>
    </net>
    <net code="84" name="unconnected-(U2-Pad17)">
      <node ref="U2" pin="17" pinfunction="DIO_11" pintype="bidirectional+no_connect"/>
    </net>
    <net code="85" name="unconnected-(U2-Pad18)">
      <node ref="U2" pin="18" pinfunction="DIO_12" pintype="bidirectional+no_connect"/>
    </net>
    <net code="86" name="unconnected-(U2-Pad21)">
      <node ref="U2" pin="21" pinfunction="DIO_15" pintype="bidirectional+no_connect"/>
    </net>
    <net code="87" name="unconnected-(U2-Pad28)">
      <node ref="U2" pin="28" pinfunction="DIO_18" pintype="bidirectional+no_connect"/>
    </net>
    <net code="88" name="unconnected-(U2-Pad29)">
      <node ref="U2" pin="29" pinfunction="DIO_19" pintype="bidirectional+no_connect"/>
    </net>
    <net code="89" name="unconnected-(U2-Pad31)">
      <node ref="U2" pin="31" pinfunction="DIO_21" pintype="bidirectional+no_connect"/>
    </net>
    <net code="90" name="unconnected-(U2-Pad32)">
      <node ref="U2" pin="32" pinfunction="DIO_22" pintype="bidirectional+no_connect"/>
    </net>
    <net code="91" name="unconnected-(U2-Pad36)">
      <node ref="U2" pin="36" pinfunction="DIO_23" pintype="bidirectional+no_connect"/>
    </net>
    <net code="92" name="unconnected-(U2-Pad38)">
      <node ref="U2" pin="38" pinfunction="DIO_25" pintype="bidirectional+no_connect"/>
    </net>
    <net code="93" name="unconnected-(U2-Pad39)">
      <node ref="U2" pin="39" pinfunction="DIO_26" pintype="bidirectional+no_connect"/>
    </net>
    <net code="94" name="unconnected-(U2-Pad40)">
      <node ref="U2" pin="40" pinfunction="DIO_27" pintype="bidirectional+no_connect"/>
    </net>
    <net code="95" name="unconnected-(U2-Pad41)">
      <node ref="U2" pin="41" pinfunction="DIO_28" pintype="bidirectional+no_connect"/>
    </net>
    <net code="96" name="unconnected-(U2-Pad43)">
      <node ref="U2" pin="43" pinfunction="DIO_30" pintype="bidirectional+no_connect"/>
    </net>
    <net code="97" name="unconnected-(U4-Pad10)">
      <node ref="U4" pin="10" pinfunction="NC" pintype="no_connect"/>
    </net>
    <net code="98" name="unconnected-(U4-Pad11)">
      <node ref="U4" pin="11" pinfunction="SUSPENDb" pintype="output+no_connect"/>
    </net>
    <net code="99" name="unconnected-(U4-Pad12)">
      <node ref="U4" pin="12" pinfunction="SUSPEND" pintype="output+no_connect"/>
    </net>
    <net code="100" name="unconnected-(U4-Pad16)">
      <node ref="U4" pin="16" pinfunction="GPIO-3/WAKEUP" pintype="bidirectional+no_connect"/>
    </net>
    <net code="101" name="unconnected-(U4-Pad18)">
      <node ref="U4" pin="18" pinfunction="GPIO-1/RXT" pintype="bidirectional+no_connect"/>
    </net>
    <net code="102" name="unconnected-(U4-Pad19)">
      <node ref="U4" pin="19" pinfunction="GPIO-0/TXT" pintype="bidirectional+no_connect"/>
    </net>
    <net code="103" name="unconnected-(U4-Pad20)">
      <node ref="U4" pin="20" pinfunction="GPIO-6" pintype="bidirectional+no_connect"/>
    </net>
    <net code="104" name="unconnected-(U4-Pad21)">
      <node ref="U4" pin="21" pinfunction="GPIO-5" pintype="bidirectional+no_connect"/>
    </net>
    <net code="105" name="unconnected-(U4-Pad23)">
      <node ref="U4" pin="23" pinfunction="CTS" pintype="input+no_connect"/>
    </net>
    <net code="106" name="unconnected-(U4-Pad24)">
      <node ref="U4" pin="24" pinfunction="RTS" pintype="output+no_connect"/>
    </net>
    <net code="107" name="unconnected-(U4-Pad28)">
      <node ref="U4" pin="28" pinfunction="DTR" pintype="output+no_connect"/>
    </net>
    <net code="108" name="unconnected-(U5-Pad3)">
      <node ref="U5" pin="3" pinfunction="WP#/SIO2" pintype="bidirectional+no_connect"/>
    </net>
    <net code="109" name="unconnected-(U5-Pad7)">
      <node ref="U5" pin="7" pinfunction="RESET#/SIO3" pintype="bidirectional+no_connect"/>
    </net>
  </nets>
</export>
