Time,Supply Voltage, Battery Voltage
0,3.2929,2.8561
30,3.2031,3.3160
60,3.2031,3.3202
90,3.2031,3.3307
120,3.2031,3.3370
150,3.2031,3.3370
180,3.2031,3.3433
210,3.2500,3.3455
240,3.2031,3.3455
270,3.2031,3.3392
300,3.2031,3.3392
330,3.2031,3.3328
360,3.2031,3.3392
390,3.2031,3.3287
420,3.2031,3.3244
450,3.2031,3.3119
480,3.2031,3.3076
510,3.1562,3.3076
540,3.1562,3.3139
570,3.2031,3.3055
600,3.1562,3.3013
630,3.1562,3.2908
660,3.1562,3.2866
690,3.1562,3.2824
720,3.1562,3.2720
750,3.1132,3.2530
752,3.1132,3.2530
754,3.1562,3.2593
784,3.1132,3.2509
786,3.1132,3.2509
788,3.1132,3.2488
790,3.1132,3.2488
792,3.1562,3.2488
822,3.0664,3.2257
824,3.1132,3.2320
826,3.1132,3.2383
828,3.1132,3.2383
830,3.1132,3.2341
832,3.0664,3.2278
834,3.1132,3.2278
836,3.1132,3.2341
838,3.0664,3.2216
840,3.0664,3.2194
842,3.0664,3.2068
844,3.0664,3.2110
846,3.0664,3.2152
848,3.0664,3.2089
850,3.0664,3.2089
852,3.0664,3.2131
854,3.1132,3.2152
856,3.0664,3.2131
858,3.0664,3.1984
860,3.0664,3.1837
862,3.0664,3.2005
864,3.0195,3.1712
866,3.0195,3.1585
868,3.0195,3.1816
870,2.9765,3.1144
872,2.9765,3.1291
874,3.0664,3.1795
876,3.0195,3.1564
878,3.1132,3.2447
880,3.0195,3.1375
882,3.0195,3.1396
884,3.1562,3.2951
914,3.1562,3.2971
944,3.2031,3.3518
974,3.0664,3.2131
976,3.2500,3.3580
1006,3.1132,3.2447
1008,3.2031,3.3287
1038,3.1132,3.2278
1040,3.2500,3.3623
1070,3.0664,3.2173
1072,3.2031,3.3370
1102,3.1562,3.2740
1132,3.1562,3.2824
1162,3.1132,3.2447
1164,3.1132,3.2635
1166,3.1132,3.2404
1168,3.1132,3.2447
1170,3.1132,3.2447
1172,3.1132,3.2509
1174,3.1132,3.2447
1176,3.1132,3.2593
1178,3.1132,3.2404
1180,3.1132,3.2447
1182,3.1132,3.2257
1184,3.2031,3.3455
1214,3.0664,3.2005
1216,3.2500,3.3601
1246,3.1132,3.2467
1248,3.1562,3.3097
1278,3.0664,3.2236
1280,3.2031,3.3287
1310,3.2031,3.3538
1340,3.2031,3.3265
1370,3.1132,3.2635
1372,3.1562,3.3097
1402,3.1562,3.3139
1432,3.1132,3.2509
1434,3.0195,3.1564
1436,3.2031,3.3370
1466,3.1132,3.2572
1468,3.1132,3.2447
1470,3.1132,3.2425
1472,3.1562,3.2951
1502,3.1562,3.2951
1532,3.2031,3.3328
1562,3.0664,3.2257
1564,3.1562,3.2803
1594,3.1132,3.2299
1596,3.1132,3.2530
1598,3.1132,3.2530
1600,3.1132,3.2383
1602,3.1132,3.2216
1604,3.1132,3.2299
1606,3.0664,3.2047
1608,3.2031,3.3328
1638,3.2031,3.3182
1668,3.1132,3.2341
1670,3.1132,3.2320
1672,3.1562,3.2971
1702,3.1562,3.2971
1732,3.2031,3.3202
1762,3.1132,3.2173
1764,3.1132,3.2173
1766,3.0664,3.2047
1768,3.1132,3.2383
1770,3.2031,3.3076
1800,3.1562,3.2908
1830,3.1132,3.2656
1832,3.1132,3.2509
1834,3.0664,3.2341
1836,3.1132,3.2320
1838,3.0664,3.2152
1840,3.1132,3.2341
1842,3.1562,3.3097
1872,3.1562,3.2677
1902,3.2031,3.3307
1932,3.2031,3.3224
1962,3.2031,3.3244
1992,3.1132,3.2447
1994,3.2031,3.3119
2024,3.1132,3.2720
2026,3.1132,3.2615
2028,3.1132,3.2299
2030,3.1132,3.2278
2032,3.1132,3.2341
2034,3.0664,3.2236
2036,3.0664,3.1648
2038,3.1562,3.2698
2068,3.0664,3.2068
2070,3.0195,3.1753
2072,3.0664,3.2047
2074,3.0664,3.1942
2076,3.0195,3.1648
2078,3.1562,3.2740
2108,3.0664,3.2089
2110,3.0664,3.1669
2112,3.0664,3.2005
2114,3.1562,3.2824
2144,3.1562,3.2677
2174,3.1132,3.2299
2176,3.0664,3.2110
2178,3.0664,3.2194
2180,3.0664,3.2173
2182,3.1132,3.2509
2184,3.1562,3.2992
2214,3.1132,3.2635
2216,3.1132,3.2572
2218,3.1132,3.2447
2220,3.1132,3.2341
2222,3.0664,3.2131
2224,3.0664,3.2089
2226,3.0195,3.1669
2228,3.1562,3.2783
2258,3.1132,3.2551
2260,3.1132,3.2447
2262,3.1132,3.2467
2264,3.0664,3.2257
2266,3.0664,3.2216
2268,3.0664,3.2110
2270,3.0664,3.2173
2272,3.0664,3.2068
2274,2.9296,3.0661
2276,3.1132,3.2383
2278,3.1562,3.2761
2308,2.9296,3.0787
2310,2.9296,3.0850
2312,2.9296,3.0661
2314,2.9765,3.0997
2316,2.9296,3.0745
2318,3.1132,3.2467
2320,3.1132,3.2320
2322,3.1132,3.2656
2324,3.1562,3.2761
2354,3.1132,3.2467
2356,3.0664,3.2257
2358,3.1132,3.2320
2360,3.0664,3.1921
2362,3.0195,3.1753
2364,3.0664,3.1921
2366,3.0664,3.1879
2368,3.1132,3.2447
2370,3.0195,3.1648
2372,3.0664,3.2068
2374,3.0664,3.1963
2376,3.0664,3.1816
2378,3.0195,3.1585
2380,3.1132,3.2362
2382,3.0664,3.1837
2384,3.0664,3.1816
2386,3.0195,3.1669
2388,3.0195,3.1585
2390,3.1132,3.2425
2392,3.1562,3.2740
2422,3.1562,3.3013
2452,3.1132,3.2341
2454,3.1132,3.2447
2456,3.0664,3.2362
2458,3.0664,3.2089
2460,3.0664,3.2026
2462,3.0664,3.1921
2464,3.0664,3.1921
2466,3.0664,3.1942
2468,3.0664,3.2047
2470,3.0664,3.1984
2472,3.0664,3.1921
2474,3.0195,3.1712
2476,3.0195,3.1712
2478,3.0195,3.1774
2480,3.1132,3.2404
2482,3.1562,3.2803
2512,3.1562,3.2803
2542,3.1132,3.2698
2544,3.1132,3.2761
2546,3.1562,3.2845
2576,3.0195,3.1837
2578,3.0664,3.1963
2580,3.0664,3.1795
2582,3.0195,3.1606
2584,2.9765,3.1102
2586,3.1132,3.2383
2588,3.1562,3.2656
2618,3.1562,3.3119
2648,2.9765,3.1249
2650,3.1562,3.2698
2680,2.9765,3.1291
2682,3.0195,3.1375
2684,3.1132,3.2467
2686,3.1132,3.2698
2688,3.1562,3.2740
2718,3.1562,3.3055
2748,3.0664,3.1900
2750,3.0195,3.1606
2752,3.0664,3.2152
2754,3.0195,3.1270
2756,2.9765,3.1123
2758,3.0664,3.2131
2760,3.0664,3.1942
2762,3.0664,3.2026
2764,3.1132,3.2404
2766,3.1132,3.2572
2768,3.1132,3.2615
2770,3.1132,3.2635
2772,3.1132,3.2656
2774,3.1562,3.2698
2804,3.1562,3.2908
2834,3.0664,3.1921
2836,3.0664,3.1921
2838,3.0664,3.2047
2840,3.0195,3.1712
2842,3.0664,3.1921
2844,3.0195,3.1522
2846,2.9765,3.1207
2848,2.9765,3.1207
2850,3.1132,3.2320
2852,3.1132,3.2551
2854,3.1562,3.2698
2884,3.1562,3.2866
2914,3.1562,3.2866
2944,3.0195,3.1795
2946,3.0195,3.1712
2948,3.0195,3.1522
2950,3.0195,3.1564
2952,3.0195,3.1774
2954,3.0664,3.1858
2956,3.0195,3.1648
2958,3.0195,3.1669
2960,3.0195,3.1753
2962,3.0195,3.1690
2964,3.0195,3.1648
2966,3.0195,3.1480
2968,2.9765,3.1207
2970,2.9765,3.1417
2972,2.9765,3.1207
2974,3.1132,3.2236
2976,3.1132,3.2383
2978,3.1132,3.2509
2980,3.1132,3.2615
2982,3.1562,3.2720
3012,3.1562,3.2908
3042,3.1562,3.2929
3072,3.1562,3.2908
3102,3.1562,3.2740
3132,3.0195,3.1648
3134,3.0195,3.1333
3136,3.0195,3.1712
3138,3.0195,3.1543
3140,3.0195,3.1774
3142,3.0195,3.1774
3144,3.0664,3.2257
3146,3.1132,3.2299
3148,3.1132,3.2320
3150,3.1132,3.2362
3152,3.1132,3.2404
3154,3.1132,3.2488
3156,3.1132,3.2551
3158,3.1132,3.2572
3160,3.1132,3.2551
3162,3.1132,3.2551
3164,3.1132,3.2572
3166,3.1132,3.2615
3168,3.1132,3.2615
3170,3.1132,3.2635
3172,3.1132,3.2635
3174,3.1132,3.2635
3176,3.1132,3.2615
3178,3.1132,3.2615
3180,3.1132,3.2615
3182,3.1132,3.2593
3184,3.1562,3.2593
3214,3.0195,3.1648
3216,2.9765,3.1291
3218,3.0195,3.1396
3220,3.0664,3.1963
3222,3.0195,3.1648
3224,3.0664,3.2089
3226,3.0664,3.2089
3228,3.0664,3.1942
3230,3.0195,3.1753
3232,3.0195,3.1900
3234,3.0195,3.1669
3236,3.0195,3.1438
3238,2.9765,3.1312
3240,2.9765,3.1018
3242,3.0195,3.1459
3244,3.0195,3.1459
3246,2.9765,3.1060
3248,3.0195,3.1816
3250,3.1132,3.2320
3252,3.1132,3.2425
3254,3.1132,3.2488
3256,3.1132,3.2551
3258,3.1132,3.2572
3260,3.1132,3.2635
3262,3.1132,3.2593
3264,3.1132,3.2593
3266,3.1132,3.2593
3268,3.1132,3.2615
3270,3.1132,3.2656
3272,3.1562,3.2656
3302,3.1132,3.2593
3304,3.1132,3.2572
3306,3.1132,3.2593
3308,3.1132,3.2593
3310,3.1132,3.2572
3312,3.1132,3.2572
3314,3.1132,3.2572
3316,3.1132,3.2572
3318,3.1132,3.2551
3320,3.1132,3.2509
3322,3.1132,3.2467
3324,3.1132,3.2447
3326,3.1132,3.2467
3328,3.1132,3.2447
3330,3.1132,3.2383
3332,3.1132,3.2383
3334,3.1132,3.2425
3336,3.1132,3.2383
3338,3.1132,3.2362
3340,3.1132,3.2362
3342,3.1132,3.2320
3344,3.0664,3.2194
3346,3.0664,3.2110
3348,3.1132,3.2194
3350,3.0664,3.2110
3352,3.0664,3.1942
3354,3.0664,3.1921
3356,3.0664,3.1858
3358,3.0195,3.1753
3360,3.0195,3.1585
3362,3.0195,3.1585
3364,3.0195,3.1648
3366,3.0195,3.1753
3368,3.0195,3.1732
3370,3.0195,3.1690
3372,3.0195,3.1795
3374,3.0195,3.1732
3376,3.0195,3.1648
3378,3.0195,3.1690
3380,3.0195,3.1712
3382,3.0195,3.1606
3384,3.0195,3.1732
3386,3.0195,3.1564
3388,2.9296,3.1039
3390,2.9765,3.1396
3392,2.9765,3.1249
3394,2.9765,3.1144
3396,3.0664,3.1879
3398,3.0195,3.1333
3400,3.0195,3.1501
3402,2.9765,3.1249
3404,3.0664,3.2047
3406,3.0664,3.2152
3408,3.1132,3.2341
3410,3.1132,3.2341
3412,3.1132,3.2404
3414,3.1132,3.2425
3416,3.1132,3.2488
3418,3.1132,3.2488
3420,3.1132,3.2447
3422,3.1132,3.2447
3424,3.1132,3.2467
3426,3.1132,3.2467
3428,3.1132,3.2488
3430,3.1132,3.2509
3432,3.1132,3.2509
3434,3.1132,3.2509
3436,3.1132,3.2530
3438,3.1132,3.2509
3440,3.1132,3.2530
3442,3.1132,3.2551
3444,3.1132,3.2551
3446,3.1132,3.2593
3448,3.1132,3.2551
3450,3.1132,3.2551
3452,3.1132,3.2530
3454,3.1132,3.2572
3456,3.1132,3.2551
3458,3.1132,3.2530
3460,3.1132,3.2572
3462,3.1132,3.2593
3464,3.1132,3.2572
3466,3.1132,3.2572
3468,3.1132,3.2593
3470,3.1132,3.2572
3472,3.1132,3.2572
3474,3.1132,3.2551
3476,3.1132,3.2551
3478,3.1132,3.2551
3480,3.1132,3.2551
3482,3.1132,3.2530
3484,3.1132,3.2467
3486,3.1132,3.2488
3488,3.1132,3.2404
3490,3.1132,3.2447
3492,3.1132,3.2467
3494,3.1132,3.2404
3496,3.1132,3.2362
3498,3.1132,3.2383
3500,3.1132,3.2362
3502,3.0664,3.2362
3504,3.1132,3.2341
3506,3.1132,3.2216
3508,3.1132,3.2383
3510,3.1132,3.2425
3512,3.1132,3.2383
3514,3.1132,3.2488
3516,3.1132,3.2467
3518,3.1132,3.2447
3520,3.1132,3.2447
3522,3.1132,3.2362
3524,3.1132,3.2341
3526,3.1132,3.2320
3528,3.1132,3.2257
3530,3.0664,3.2257
3532,3.0664,3.2131
3534,3.0664,3.2152
3536,3.0664,3.2026
3538,3.0664,3.1921
3540,3.0195,3.1837
3542,3.0195,3.1564
3544,3.0195,3.1522
3546,3.0195,3.1459
3548,3.0195,3.1543
3550,3.0195,3.1543
3552,3.0195,3.1606
3554,3.0195,3.1375
3556,3.0195,3.1606
3558,3.0195,3.1753
3560,3.0195,3.1712
3562,3.0195,3.1585
3564,2.9765,3.1186
3566,2.9765,3.1270
3568,3.0195,3.1144
3570,2.9296,3.0745
3572,3.0195,3.1774
3574,3.1132,3.2194
3576,3.1132,3.2236
3578,3.1132,3.2278
3580,3.1132,3.2341
3582,3.1132,3.2320
3584,3.1132,3.2341
3586,3.1132,3.2383
3588,3.1132,3.2362
3590,3.1132,3.2341
3592,3.1132,3.2362
3594,3.1132,3.2341
3596,3.1132,3.2383
3598,3.1132,3.2404
3600,3.1132,3.2425
3602,3.1132,3.2467
3604,3.1132,3.2447
3606,3.1132,3.2425
3608,3.1132,3.2425
3610,3.1132,3.2425
3612,3.1132,3.2447
3614,3.1132,3.2447
3616,3.1132,3.2447
3618,3.1132,3.2447
3620,3.1132,3.2447
3622,3.1132,3.2467
3624,3.1132,3.2467
3626,3.1132,3.2467
3628,3.1132,3.2467
3630,3.1132,3.2447
3632,3.1132,3.2467
3634,3.1132,3.2447
3636,3.1132,3.2467
3638,3.1132,3.2467
3640,3.1132,3.2447
3642,3.1132,3.2447
3644,3.1132,3.2447
3646,3.1132,3.2447
3648,3.1132,3.2425
3650,3.1132,3.2447
3652,3.1132,3.2467
3654,3.1132,3.2425
3656,3.1132,3.2425
3658,3.1132,3.2425
3660,3.1132,3.2467
3662,3.1132,3.2467
3664,3.1132,3.2447
3666,3.1132,3.2447
3668,3.1132,3.2447
3670,3.1132,3.2447
3672,3.1132,3.2425
3674,3.1132,3.2425
3676,3.1132,3.2383
3678,3.1132,3.2404
3680,3.1132,3.2362
3682,3.1132,3.2320
3684,3.1132,3.2278
3686,3.1132,3.2278
3688,3.0664,3.2236
3690,3.0664,3.2216
3692,3.0664,3.2194
3694,3.0664,3.2194
3696,3.0664,3.2173
3698,3.0664,3.2131
3700,3.0664,3.2089
3702,3.0664,3.2005
3704,3.0664,3.1984
3706,3.0664,3.1879
3708,3.0664,3.2068
3710,3.0664,3.1984
3712,3.0664,3.1879
3714,3.0195,3.1795
3716,3.0195,3.1522
3718,2.9765,3.1228
3720,2.9765,3.1228
3722,2.9765,3.1102
3724,2.9765,3.1123
3726,2.9296,3.0850
3728,2.9765,3.0934
3730,3.0195,3.1585
3732,3.0664,3.1921
3734,3.0195,3.1795
3736,3.0664,3.1900
3738,3.0664,3.1879
3740,3.0664,3.1963
3742,3.0664,3.1879
3744,3.0195,3.1732
3746,3.0195,3.1606
3748,2.9765,3.1060
3750,2.9296,3.0892
3752,3.0195,3.1564
3754,3.0664,3.1984
3756,3.0664,3.2068
3758,3.0664,3.2068
3760,3.0664,3.2131
3762,3.0664,3.2131
3764,3.0664,3.2131
3766,3.0664,3.2131
3768,3.0664,3.2152
3770,3.0664,3.2152
3772,3.0664,3.2131
3774,3.0664,3.2131
3776,3.0664,3.2089
3778,3.0664,3.2047
3780,3.0664,3.2005
3782,3.0664,3.1963
3784,3.0664,3.1900
3786,3.0664,3.1921
3788,3.0195,3.1669
3790,3.0195,3.1522
3792,2.9765,3.1165
3794,2.9296,3.0640
3796,3.0195,3.1690
3798,3.0195,3.1585
3800,2.9765,3.1207
3802,2.8398,2.9926
3804,3.0195,3.1564
3806,3.0664,3.1732
3808,3.0195,3.1858
3810,3.0664,3.1984
3812,3.0664,3.2068
3814,3.0664,3.2047
3816,3.0664,3.2068
3818,3.0664,3.2089
3820,3.0664,3.2068
3822,3.0664,3.2068
3824,3.0664,3.2026
3826,3.0664,3.2026
3828,3.0664,3.2005
3830,3.0664,3.2026
3832,3.0664,3.2047
3834,3.0664,3.2026
3836,3.0664,3.2026
3838,3.0664,3.1984
3840,3.0664,3.1879
3842,3.0664,3.1900
3844,3.0195,3.1858
3846,3.0664,3.1921
3848,3.0664,3.1942
3850,3.0195,3.1816
3852,3.0664,3.1858
3854,3.0195,3.1732
3856,3.0195,3.1795
3858,3.0195,3.1732
3860,3.0195,3.1690
3862,3.0195,3.1459
3864,2.9765,3.1207
3866,2.9765,3.1249
3868,2.9765,3.1060
3870,2.9296,3.0997
3872,2.9765,3.0913
3874,2.9765,3.1081
3876,2.9765,3.1039
3878,2.9296,3.0955
3880,2.9765,3.1186
3882,2.9765,3.1186
3884,2.9765,3.1039
3886,2.9296,3.0850
3888,2.8828,3.0367
3890,2.8398,2.9926
3892,3.0195,3.1606
3894,3.0195,3.1795
3896,3.0195,3.1732
3898,3.0195,3.1795
3900,3.0195,3.1816
3902,3.0195,3.1816
3904,3.0195,3.1712
3906,3.0195,3.1712
3908,3.0195,3.1774
3910,3.0195,3.1774
3912,3.0195,3.1837
3914,3.0195,3.1879
3916,3.0664,3.1921
3918,3.0664,3.1942
3920,3.0664,3.2047
3922,3.0664,3.2110
3924,3.0664,3.1963
3926,3.0664,3.1942
3928,3.0664,3.1942
3930,3.0195,3.1858
3932,3.0195,3.1564
3934,3.0195,3.1501
3936,2.9765,3.1333
3938,2.9765,3.0976
3940,2.9296,3.0703
3942,2.9296,3.0913
3944,2.8828,3.0241
3946,3.0195,3.1669
3948,3.0195,3.1774
3950,3.0195,3.1837
3952,3.0664,3.1858
3954,3.0664,3.1900
3956,3.0664,3.1900
3958,3.0664,3.1921
3960,3.0664,3.1942
3962,3.0664,3.1942
3964,3.0664,3.1942
3966,3.0664,3.1984
3968,3.0664,3.1984
3970,3.0664,3.1963
3972,3.0664,3.1984
3974,3.0664,3.1984
3976,3.0664,3.2026
3978,3.0664,3.2005
3980,3.0664,3.2026
3982,3.0664,3.2026
3984,3.0664,3.2005
3986,3.0664,3.2026
3988,3.0664,3.2026
3990,3.0664,3.2047
3992,3.0664,3.2068
3994,3.0664,3.2026
3996,3.0664,3.2026
3998,3.0664,3.2005
4000,3.0664,3.1984
4002,3.0664,3.1984
4004,3.0664,3.1963
4006,3.0664,3.1921
4008,3.0664,3.1900
4010,3.0664,3.1879
4012,3.0664,3.1879
4014,3.0195,3.1900
4016,3.0195,3.1858
4018,3.0664,3.1900
4020,3.0664,3.1837
4022,3.0195,3.1774
4024,3.0195,3.1774
4026,3.0664,3.1774
4028,3.0195,3.1732
4030,3.0195,3.1648
4032,3.0195,3.1669
4034,3.0195,3.1606
4036,3.0195,3.1669
4038,3.0195,3.1669
4040,3.0195,3.1501
4042,2.9765,3.1354
4044,2.9765,3.1270
4046,2.9765,3.1165
4048,2.9765,3.0997
4050,2.9765,3.0955
4052,2.9296,3.0682
4054,2.9296,3.0619
4056,2.9296,3.0640
4058,2.9765,3.0871
4060,2.9765,3.1165
4062,2.9765,3.1123
4064,2.9765,3.1081
4066,2.9296,3.0724
4068,2.9296,3.0787
4070,2.8828,3.0157
4072,2.8828,2.9989
4074,3.0195,3.1459
4076,3.0195,3.1606
4078,3.0195,3.1690
4080,3.0195,3.1732
4082,3.0664,3.1753
4084,3.0195,3.1774
4086,3.0195,3.1774
4088,3.0664,3.1774
4090,3.0195,3.1732
4092,3.0195,3.1753
4094,3.0195,3.1753
4096,3.0195,3.1774
4098,3.0195,3.1753
4100,3.0195,3.1753
4102,3.0195,3.1753
4104,3.0664,3.1712
4106,3.0195,3.1753
4108,3.0195,3.1732
4110,3.0195,3.1732
4112,3.0195,3.1753
4114,3.0195,3.1732
4116,3.0195,3.1732
4118,3.0195,3.1732
4120,3.0195,3.1732
4122,3.0195,3.1732
4124,3.0195,3.1732
4126,3.0195,3.1669
4128,3.0195,3.1712
4130,3.0195,3.1690
4132,3.0195,3.1669
4134,3.0195,3.1690
4136,3.0195,3.1690
4138,3.0195,3.1753
4140,3.0195,3.1712
4142,3.0195,3.1712
4144,3.0195,3.1648
4146,3.0195,3.1648
4148,3.0195,3.1690
4150,3.0195,3.1669
4152,3.0195,3.1648
4154,3.0195,3.1690
4156,3.0195,3.1669
4158,3.0195,3.1712
4160,3.0195,3.1712
4162,3.0195,3.1732
4164,3.0195,3.1690
4166,3.0195,3.1669
4168,3.0195,3.1648
4170,3.0195,3.1585
4172,3.0195,3.1648
4174,3.0195,3.1606
4176,3.0195,3.1606
4178,3.0195,3.1606
4180,3.0195,3.1585
4182,3.0195,3.1564
4184,3.0195,3.1501
4186,3.0195,3.1501
4188,3.0195,3.1459
4190,3.0195,3.1417
4192,3.0195,3.1501
4194,3.0195,3.1480
4196,3.0195,3.1564
4198,3.0195,3.1459
4200,3.0195,3.1438
4202,3.0195,3.1396
4204,3.0195,3.1291
4206,2.9765,3.1312
4208,2.9765,3.1102
4210,2.9296,3.0913
4212,2.9765,3.0934
4214,2.9296,3.0829
4216,2.8828,3.0556
4218,2.9296,3.0577
4220,2.8828,3.0430
4222,2.8828,3.0409
4224,2.8828,3.0304
4226,2.8398,2.9968
4228,2.8828,3.0514
4230,3.0195,3.1417
4232,3.0195,3.1543
4234,3.0195,3.1564
4236,3.0195,3.1606
4238,3.0195,3.1585
4240,3.0195,3.1606
4242,3.0195,3.1606
4244,3.0195,3.1669
4246,3.0195,3.1690
4248,3.0195,3.1690
4250,3.0664,3.1690
4252,3.0195,3.1690
4254,3.0195,3.1669
4256,3.0195,3.1606
4258,3.0195,3.1648
4260,3.0195,3.1669
4262,3.0195,3.1712
4264,3.0195,3.1712
4266,3.0195,3.1690
4268,3.0195,3.1690
4270,3.0195,3.1690
4272,3.0195,3.1690
4274,3.0195,3.1648
4276,3.0195,3.1648
4278,3.0195,3.1712
4280,3.0195,3.1690
4282,3.0195,3.1669
4284,3.0195,3.1669
4286,3.0195,3.1648
4288,3.0195,3.1585
4290,3.0195,3.1585
4292,3.0195,3.1606
4294,3.0195,3.1585
4296,3.0195,3.1543
4298,3.0195,3.1522
4300,3.0195,3.1459
4302,3.0195,3.1459
4304,3.0195,3.1480
4306,3.0195,3.1438
4308,3.0195,3.1375
4310,2.9765,3.1354
4312,3.0195,3.1354
4314,3.0195,3.1354
4316,2.9765,3.1291
4318,2.9765,3.1165
4320,2.9765,3.1102
4322,2.9765,3.1060
4324,2.9765,3.1186
4326,2.9765,3.1186
4328,2.9765,3.1165
4330,2.9765,3.1165
4332,2.9765,3.1165
4334,2.9765,3.1207
4336,2.9765,3.1228
4338,2.9296,3.0955
4340,2.9296,3.0829
4342,2.8828,3.0640
4344,2.9296,3.0556
4346,2.9296,3.0535
4348,2.8828,3.0472
4350,2.8828,3.0472
4352,2.8828,3.0262
4354,2.8828,3.0073
4356,2.8828,3.0304
4358,2.8828,3.0031
4360,2.8398,2.9947
4362,2.9296,3.0745
4364,2.9296,3.0850
4366,2.9296,3.0829
4368,2.9296,3.0892
4370,2.9765,3.0976
4372,2.9765,3.1081
4374,2.9765,3.1123
4376,2.9765,3.1270
4378,2.9765,3.1291
4380,2.9765,3.1312
4382,2.9765,3.1333
4384,2.9765,3.1354
4386,3.0195,3.1354
4388,3.0195,3.1354
4390,3.0195,3.1354
4392,3.0195,3.1354
4394,2.9765,3.1333
4396,3.0195,3.1333
4398,3.0195,3.1354
4400,2.9765,3.1291
4402,2.9765,3.1312
4404,2.9765,3.1291
4406,3.0195,3.1291
4408,2.9765,3.1249
4410,2.9765,3.1249
4412,2.9765,3.1228
4414,2.9765,3.1207
4416,2.9765,3.1207
4418,2.9765,3.1165
4420,2.9765,3.1102
4422,2.9765,3.1123
4424,2.9296,3.0913
4426,2.9296,3.0892
4428,2.9296,3.0808
4430,2.9296,3.0703
4432,2.9296,3.0598
4434,2.9296,3.0619
4436,2.8828,3.0409
4438,2.9296,3.0451
4440,2.8398,3.0199
4442,2.8828,3.0367
4444,2.8828,3.0262
4446,2.8828,3.0388
4448,2.8828,3.0304
4450,2.9296,3.0514
4452,2.8828,3.0493
4454,2.8828,3.0199
4456,2.8828,3.0178
4458,2.8828,3.0199
4460,2.8828,3.0283
4462,2.8828,3.0052
4464,2.7460,2.9338
4466,2.8828,3.0451
4468,2.9296,3.0598
4470,2.8828,3.0262
4472,2.8828,3.0367
4474,2.9296,3.0682
4476,2.9296,3.0724
4478,2.9296,3.0745
4480,2.9296,3.0682
4482,2.8828,3.0472
4484,2.8828,3.0199
4486,2.8398,2.9653
4488,2.7929,2.9296
4490,2.8828,3.0304
4492,2.7460,2.8981
4494,2.8828,3.0409
4496,2.8828,3.0472
4498,2.8828,3.0598
4500,2.9296,3.0829
4502,2.9765,3.0892
4504,2.9296,3.0913
4506,2.9296,3.0871
4508,2.9296,3.0871
4510,2.9296,3.0808
4512,2.9296,3.0808
4514,2.9296,3.0766
4516,2.9296,3.0745
4518,2.9296,3.0745
4520,2.9296,3.0745
4522,2.9296,3.0661
4524,2.9296,3.0535
4526,2.8828,3.0388
4528,2.8828,3.0409
4530,2.8828,3.0283
4532,2.8398,2.9989
4534,2.8828,3.0073
4536,2.8398,2.9863
4538,2.7929,2.9464
4540,2.8398,2.9695
4542,2.8398,2.9674
4544,2.7031,2.8939
4546,2.8828,3.0325
4548,2.9296,3.0619
4550,2.9296,3.0703
4552,2.9296,3.0745
4554,2.9296,3.0766
4556,2.9296,3.0703
4558,2.9296,3.0745
4560,2.9296,3.0850
4562,2.9296,3.0808
4564,2.9296,3.0829
4566,2.9296,3.0850
4568,2.9296,3.0850
4570,2.9296,3.0892
4572,2.9296,3.0892
4574,2.9296,3.0871
4576,2.9765,3.0871
4578,2.9765,3.0892
4580,2.9296,3.0892
4582,2.9296,3.0871
4584,2.9296,3.0850
4586,2.9296,3.0829
4588,2.9296,3.0850
4590,2.9296,3.0829
4592,2.9296,3.0808
4594,2.9296,3.0808
4596,2.9296,3.0787
4598,2.9296,3.0766
4600,2.9296,3.0745
4602,2.9296,3.0745
4604,2.9296,3.0724
4606,2.9296,3.0724
4608,2.9296,3.0745
4610,2.9296,3.0766
4612,2.9296,3.0766
4614,2.9296,3.0787
4616,2.9296,3.0745
4618,2.9296,3.0766
4620,2.9296,3.0724
4622,2.9296,3.0745
4624,2.9296,3.0724
4626,2.9296,3.0724
4628,2.9296,3.0724
4630,2.9296,3.0703
4632,2.9296,3.0724
4634,2.9296,3.0703
4636,2.9296,3.0703
4638,2.9296,3.0682
4640,2.9296,3.0661
4642,2.9296,3.0682
4644,2.9296,3.0661
4646,2.9296,3.0661
4648,2.9296,3.0661
4650,2.9296,3.0640
4652,2.9296,3.0640
4654,2.9296,3.0640
4656,2.9296,3.0619
4658,2.9296,3.0619
4660,2.9296,3.0598
4662,2.9296,3.0577
4664,2.9296,3.0577
4666,2.8828,3.0556
4668,2.8828,3.0514
4670,2.9296,3.0493
4672,2.8828,3.0472
4674,2.8828,3.0472
4676,2.8828,3.0472
4678,2.8828,3.0451
4680,2.8828,3.0451
4682,2.8828,3.0409
4684,2.8828,3.0388
4686,2.8828,3.0388
4688,2.8828,3.0346
4690,2.8828,3.0325
4692,2.8828,3.0325
4694,2.8828,3.0304
4696,2.8828,3.0283
4698,2.8828,3.0241
4700,2.8828,3.0241
4702,2.8828,3.0199
4704,2.8828,3.0157
4706,2.8828,3.0136
4708,2.8828,3.0157
4710,2.8828,3.0115
4712,2.8828,3.0094
4714,2.8398,3.0073
4716,2.8398,3.0052
4718,2.8398,3.0031
4720,2.8398,2.9989
4722,2.8398,2.9968
4724,2.8398,2.9884
4726,2.8398,2.9842
4728,2.8398,2.9800
4730,2.8398,2.9695
4732,2.7929,2.9590
4734,2.7929,2.9611
4736,2.7929,2.9548
4738,2.7929,2.9485
4740,2.7929,2.9464
4742,2.7929,2.9506
4744,2.7929,2.9422
4746,2.7460,2.9275
4748,2.7929,2.9359
4750,2.7460,2.9233
4752,2.7460,2.9233
4754,2.7460,2.9086
4756,2.7031,2.8834
4758,2.7031,2.8918
4760,2.7031,2.8771
4762,2.7031,2.8603
4764,2.6562,2.8246
4766,2.7031,2.8603
4768,2.7460,2.8981
4770,2.5625,2.7448
4772,2.7031,2.8603
4774,2.6093,2.7763
4776,2.6093,2.7994
4778,2.7460,2.9044
4780,2.7460,2.9212
4782,2.7929,2.9380
4784,2.7929,2.9464
4786,2.7929,2.9464
4788,2.7929,2.9443
4790,2.7929,2.9401
4792,2.7460,2.9380
4794,2.7929,2.9359
4796,2.7929,2.9338
4798,2.7460,2.9317
4800,2.7929,2.9254
4802,2.7460,2.9233
4804,2.7460,2.9170
4806,2.7460,2.9086
4808,2.7460,2.9002
4810,2.7460,2.8960
4812,2.7460,2.8981
4814,2.7460,2.8960
4816,2.7460,2.9002
4818,2.7460,2.9023
4820,2.7460,2.9044
4822,2.7460,2.9023
4824,2.7460,2.9044
4826,2.7460,2.9044
4828,2.7460,2.8981
4830,2.7460,2.8939
4832,2.7460,2.8897
4834,2.7031,2.8897
4836,2.7031,2.8834
4838,2.7031,2.8792
4840,2.7031,2.8750
4842,2.7031,2.8729
4844,2.7031,2.8708
4846,2.7031,2.8624
4848,2.7031,2.8540
4850,2.7031,2.8540
4852,2.7031,2.8456
4854,2.6562,2.8414
4856,2.6562,2.8393
4858,2.6562,2.8288
4860,2.6562,2.8246
4862,2.6562,2.8183
4864,2.6562,2.8162
4866,2.6093,2.8036
4868,2.6562,2.8099
4870,2.6562,2.7994
4872,2.6093,2.7889
4874,2.6093,2.7805
4876,2.6093,2.7763
4878,2.6093,2.7700
4880,2.5625,2.7469
4882,2.5625,2.7490
4884,2.5625,2.7343
4886,2.5195,2.7196
4888,2.5195,2.6944
4890,2.5195,2.6986
4892,2.5195,2.6965
4894,2.4726,2.6713
4896,2.5195,2.6797
4898,2.4726,2.6608
4900,2.4257,2.6377
4902,2.4257,2.6272
4904,2.4726,2.6671
4906,2.5625,2.7259
4908,2.5625,2.7322
4910,2.5195,2.7259
4912,2.5195,2.7091
4914,2.5195,2.7049
4916,2.5195,2.7007
4918,2.5195,2.6797
4920,2.4726,2.6734
4922,2.4726,2.6650
4924,2.3828,2.5936
4926,2.4257,2.5768