"Id";"Designator";"Footprint";"Quantity";"Designation";"Supplier and ref";
1;"C28";"C_0402_1005Metric";1;"10pF";;;
2;"U3";"VQFN7_2X2_TEX";1;"TPS61230ARNSR";;;
3;"SW1";"SS-12D10G5_XKB";1;"SW_SPST";;;
4;"R21,R3,R10";"R_0402_1005Metric";3;"309k";;;
5;"R11,R15,R14,R16";"R_0402_1005Metric";4;"10k";;;
6;"L8";"L_Chilisin_BMRB00060612";1;"1.5uH";;;
7;"J1";"CONN_S4B-PH-SM4-TBLFSN_JST";1;"LED_STRIP_CONNECTOR";;;
8;"C30,C4,C29,C6";"C_0603_1608Metric";4;"22uF";;;
9;"C27";"C_0402_1005Metric";1;"10nF";;;
10;"C26,C3,C8,C1,C35,C5,C15,C2,C7,C32,C36";"C_0402_1005Metric";11;"0.1uF";;;
11;"Y1";"Crystal_SMD_3225-4Pin_3.2x2.5mm";1;"24MHz";;;
12;"R17";"R_0402_1005Metric";1;"22.1k";;;
13;"L1";"L_TDK_NLV32_3.2x2.5mm";1;"6.8uH";;;
14;"L5,L4";"L_0402_1005Metric";2;"6.8nH";;;
15;"L2,L7";"L_0402_1005Metric";2;"7.5nH";;;
16;"L9,C13";"C_0603_1608Metric";2;"?";;;
17;"R2,R12";"R_0402_1005Metric";2;"100k";;;
18;"C33";"C_0402_1005Metric";1;"1 uF";;;
19;"D4";"SOT-143";1;"SP0503BAHT";;;
20;"R4,R1,R5";"R_0402_1005Metric";3;"1.5k";;;
21;"D1,D3,D2";"LED_0402_1005Metric";3;"LED";;;
22;"C18,C11";"C_0402_1005Metric";2;"3.6pF";;;
23;"AE1";"emrick_custom_antenna";1;"Antenna";;;
24;"U4";"CP2102N-A02-GQFN28";1;"CP2102N";;;
25;"R19";"R_0402_1005Metric";1;"1k";;;
26;"U1";"SN74HCT541PW";1;"74HCT541";;;
27;"U6";"BQ24072TRGTR";1;"BQ24072";;;
28;"C31,C34,C14";"C_0402_1005Metric";3;"4.7uF";;;
29;"C25";"C_0603_1608Metric";1;"10uF";;;
30;"U2";"CC1310F128RGZR";1;"CC1310";;;
31;"Y2";"Crystal_SMD_3215-2Pin_3.2x1.5mm";1;"32.768kHz";;;
32;"J3";"PinHeader_2x05_P1.27mm_Vertical";1;"Conn_02x05_Odd_Even";;;
33;"J2";"U.FL_Hirose_U.FL-R-SMT-1_Vertical";1;"UFL";;;
34;"C20";"C_0402_1005Metric";1;"6.2pF";;;
35;"C17";"C_0402_1005Metric";1;"5.6pF";;;
36;"P1";"USB_C_Receptacle_XKB_U262-16XN-4BVC11";1;"USB_C_Plug_USB2.0";;;
37;"C22";"C_0402_1005Metric";1;"1uF";;;
38;"C19";"C_0402_1005Metric";1;"2.7pF";;;
39;"C12";"C_0402_1005Metric";1;"?";;;
40;"C21";"C_0402_1005Metric";1;"3pF";;;
41;"C16,C23";"C_0402_1005Metric";2;"100pF";;;
42;"C9";"C_0402_1005Metric";1;"12pF";;;
43;"R20";"R_0402_1005Metric";1;"47.5k";;;
44;"C10";"C_0402_1005Metric";1;"15pF";;;
45;"L6";"L_0402_1005Metric";1;"3.3nH";;;
46;"R13";"R_0402_1005Metric";1;"2.2k";;;
47;"R18";"R_0402_1005Metric";1;"1.18k";;;
48;"U5";"MX25R8035FZUIL0";1;"MX25R8035F";;;
49;"R6";"R_0402_1005Metric";1;"5.1k";;;
50;"L3";"L_0402_1005Metric";1;"27nH";;;
51;"FB1";"R_0603_1608Metric";1;"BLM18HE152SN1";;;
52;"R9";"R_0603_1608Metric";1;"8.87k";;;
53;"J4";"DF65-3P-1.7V21";1;"BATT_CONN";;;
54;"Q2,Q3,Q1";"SOT-23_Handsoldering";3;"Q_NMOS_GSD";;;
55;"R7";"R_0603_1608Metric";1;"1.13k";;;
56;"R8";"R_0603_1608Metric";1;"2.21k";;;
